image_id,deep_feature_000,deep_feature_001,deep_feature_002,deep_feature_003,deep_feature_004,deep_feature_005,deep_feature_006,deep_feature_007,deep_feature_008,deep_feature_009,deep_feature_010,deep_feature_011,deep_feature_012,deep_feature_013,deep_feature_014,deep_feature_015,deep_feature_016,deep_feature_017,deep_feature_018,deep_feature_019,deep_feature_020,deep_feature_021,deep_feature_022,deep_feature_023,deep_feature_024,deep_feature_025,deep_feature_026,deep_feature_027,deep_feature_028,deep_feature_029,deep_feature_030,deep_feature_031,deep_feature_032,deep_feature_033,deep_feature_034,deep_feature_035,deep_feature_036,deep_feature_037,deep_feature_038,deep_feature_039,deep_feature_040,deep_feature_041,deep_feature_042,deep_feature_043,deep_feature_044,deep_feature_045,deep_feature_046,deep_feature_047,deep_feature_048,deep_feature_049,deep_feature_050,deep_feature_051,deep_feature_052,deep_feature_053,deep_feature_054,deep_feature_055,deep_feature_056,deep_feature_057,deep_feature_058,deep_feature_059,deep_feature_060,deep_feature_061,deep_feature_062,deep_feature_063,deep_feature_064,deep_feature_065,deep_feature_066,deep_feature_067,deep_feature_068,deep_feature_069,deep_feature_070,deep_feature_071,deep_feature_072,deep_feature_073,deep_feature_074,deep_feature_075,deep_feature_076,deep_feature_077,deep_feature_078,deep_feature_079,deep_feature_080,deep_feature_081,deep_feature_082,deep_feature_083,deep_feature_084,deep_feature_085,deep_feature_086,deep_feature_087,deep_feature_088,deep_feature_089,deep_feature_090,deep_feature_091,deep_feature_092,deep_feature_093,deep_feature_094,deep_feature_095
cnn_tile_000,0.123909585,-0.23135297,-0.7805845,-0.508541,-0.4517753,-0.35739216,-0.23303328,0.9743856,-0.63780713,-0.74209654,0.87290436,-0.3637019,-0.38775313,-0.74384034,-0.9843101,-0.9201843,0.9145067,-0.9720481,0.4401201,0.73715544,0.56827116,-0.95529115,-0.29822108,-0.43588278,0.8887126,-0.88919324,0.7769329,0.8549836,0.1729505,0.9962877,0.5470158,-0.93461806,-0.13772312,-0.76636004,0.53222096,0.8260482,0.8817445,-0.83956856,-0.8408481,0.8539132,0.06288367,0.8634971,-0.4175015,-0.7344856,-0.06154056,-0.48831156,-0.043030728,-0.092169315,0.9831933,0.9299735,-0.89782757,-0.5416529,-0.50451976,0.5163428,0.97488964,-0.87262946,-0.8322649,0.6724011,-0.51232606,-0.12904888,-0.041907817,0.9740536,0.67905015,0.91517216,0.2637602,0.23488802,0.8028885,0.91682976,-0.995313,0.48625004,-0.025260083,0.28455165,-0.051834993,-0.5339768,0.83500296,0.21431105,0.4962059,0.1888928,0.022332732,-0.90790755,-0.9829739,-0.0541094,0.95907354,-0.59936625,0.94712764,0.5478165,-0.82233447,-0.97826797,-0.00824933,-0.15625095,-0.102560714,-0.6602214,0.049396142,-0.8424528,-0.72191024,0.71911365
cnn_tile_001,0.026578236,-0.5066682,-0.76905763,-0.36339387,-0.39117697,-0.44309047,-0.24387242,0.9781962,-0.6242692,-0.6777247,0.91908395,-0.46509662,-0.35820258,-0.8423535,-0.97669667,-0.88448125,0.8979275,-0.97588307,0.38057497,0.75308913,0.73923826,-0.95445,-0.48646003,-0.43960965,0.8884024,-0.8769741,0.7669688,0.87924284,0.31020102,0.9958664,0.48658082,-0.91518784,0.05439553,-0.8257404,0.3482481,0.80969757,0.84491307,-0.87012583,-0.8439707,0.88166004,0.15481019,0.8525993,-0.41314235,-0.6958487,-0.2506143,-0.6142078,0.009039804,-0.10072726,0.9914022,0.9480887,-0.9191026,-0.3892669,-0.6524717,0.5129389,0.9866598,-0.83714616,-0.8338488,0.60464233,-0.4003191,-0.05994815,-0.17439857,0.97204256,0.5534455,0.925594,0.026410367,0.45810622,0.81304044,0.92206365,-0.9960644,0.47534022,-0.0809555,0.2470047,-0.12521824,-0.46872813,0.86742127,0.2513395,0.38860005,0.15159892,0.059664037,-0.9122844,-0.9787931,0.016889978,0.95104206,-0.63139325,0.9571512,0.61679274,-0.80096656,-0.97743475,-0.20959617,-0.26025626,-0.1724018,-0.37366927,-0.084088445,-0.8694573,-0.5540227,0.7850234
cnn_tile_002,-0.003954945,-0.48429278,-0.7860423,-0.26554665,-0.30884862,-0.5307997,-0.44506845,0.9814253,-0.5871882,-0.7354598,0.90452844,-0.26990318,-0.4591852,-0.8573883,-0.9769226,-0.89288765,0.9209064,-0.9719112,0.44114688,0.60361683,0.62912196,-0.96065366,-0.3428382,-0.32596987,0.92359567,-0.8934286,0.7280148,0.88474447,-0.053358406,0.99626625,0.28506225,-0.9383623,0.1918659,-0.8018084,0.46467948,0.71863204,0.8455124,-0.90070635,-0.81000257,0.8534103,-0.04261298,0.8442042,-0.38580972,-0.6566364,-0.09220733,-0.5769019,0.0908343,-0.07284762,0.9856528,0.9331957,-0.920608,-0.49897966,-0.7424753,0.48639426,0.9726433,-0.842512,-0.8504452,0.6366661,-0.51900136,0.1255132,-0.048777,0.9598827,0.6360045,0.9439702,0.052201934,0.2891434,0.776367,0.92767733,-0.9945078,0.46158493,0.3159556,0.23510689,-0.27286276,-0.6589867,0.9114169,0.39538142,0.5145278,-0.0005817264,-0.0438248,-0.89987975,-0.9767324,-0.23285678,0.9496249,-0.5795449,0.9652322,0.5368299,-0.74326444,-0.9749,-0.27562454,-0.1125185,-0.03885791,-0.60640645,0.042773064,-0.84319156,-0.70131093,0.5861197
cnn_tile_003,0.06806024,-0.364883,-0.78218746,-0.35618573,-0.38931182,-0.4375888,-0.40124246,0.97381,-0.46401134,-0.7614718,0.87701434,-0.28466722,-0.4139379,-0.91361284,-0.9718187,-0.9189561,0.9026954,-0.95795244,0.5528736,0.6956312,0.73655313,-0.9486837,-0.3202524,-0.4284099,0.8811167,-0.9227497,0.7964432,0.8554029,0.10863193,0.9965871,0.31642774,-0.93510234,0.08817138,-0.81256664,0.35764664,0.66651005,0.85661316,-0.90540123,-0.8426452,0.8710818,-0.17146888,0.78375137,-0.3923784,-0.59325653,-0.26936254,-0.64143205,0.17966941,-0.22742401,0.98454225,0.9105433,-0.88346857,-0.43212727,-0.7075458,0.5054541,0.9780644,-0.80705297,-0.7841691,0.5297955,-0.45940614,-0.10673237,-0.029154768,0.9657921,0.50542104,0.93607086,0.1704998,0.48815238,0.78993857,0.89347327,-0.9956847,0.4657229,0.088197954,0.067276314,-0.059270866,-0.5280352,0.8731885,0.12729666,0.47316676,0.2846326,0.14504835,-0.9075911,-0.974167,-0.18267469,0.9643307,-0.5177153,0.95351046,0.5707966,-0.7659953,-0.9744193,-0.018924953,0.023268329,-0.08404462,-0.46794146,0.19617917,-0.8036223,-0.56014717,0.5655427
cnn_tile_004,0.08590303,-0.40618113,-0.76401854,-0.26737446,-0.42726767,-0.39003074,-0.48717642,0.97632545,-0.67508256,-0.6537496,0.8479668,-0.42886946,-0.34210485,-0.8140782,-0.97609854,-0.9298055,0.91399294,-0.96990293,0.50355667,0.6203245,0.5176649,-0.9411254,-0.442177,-0.37535563,0.9128952,-0.8861952,0.83774287,0.8297541,0.073455326,0.994164,0.27276054,-0.9201088,0.2521047,-0.74299794,0.31255203,0.83318764,0.85708964,-0.88374585,-0.82242924,0.878969,-0.0030725203,0.9289959,-0.24784411,-0.63876396,-0.2772503,-0.49815938,0.09498275,-0.11762714,0.9805079,0.9519383,-0.9146288,-0.55152935,-0.6813449,0.5215113,0.9852062,-0.784591,-0.83694494,0.6269283,-0.3364109,-0.18128438,-0.0027303684,0.9608067,0.561981,0.9151614,0.3535289,0.409917,0.74898165,0.9331257,-0.9958808,0.48103604,0.114682466,0.3879274,-0.13807242,-0.60979277,0.8732016,0.16613778,0.4852643,0.03878947,-0.01423829,-0.9215577,-0.9675887,-0.01583648,0.9722515,-0.62244755,0.9704896,0.7786825,-0.78374946,-0.97501963,-0.13655624,-0.31990728,-0.19430225,-0.5909305,-0.021364104,-0.88496774,-0.6175965,0.644616
cnn_tile_005,0.061599568,-0.37896606,-0.8258028,-0.2145568,-0.40276045,-0.39694074,-0.33972734,0.97682613,-0.6713494,-0.6467036,0.8698453,-0.4696783,-0.30253857,-0.7626013,-0.9802189,-0.9231147,0.905308,-0.970488,0.3827104,0.6546265,0.6351699,-0.9578436,-0.47642463,-0.4363557,0.9086406,-0.91215473,0.7959046,0.88737035,0.13335817,0.9944308,0.40706843,-0.8976643,0.39697373,-0.8270714,0.3705821,0.86195666,0.7950108,-0.8861143,-0.8169478,0.8693108,0.034625303,0.91167516,-0.22572047,-0.7412098,-0.26116192,-0.43023524,0.13097623,-0.0007216631,0.98051846,0.9497704,-0.8917476,-0.5565277,-0.684167,0.5637336,0.9847949,-0.81612474,-0.8357169,0.69095814,-0.31668723,-0.133117,-0.1449952,0.9515528,0.66896546,0.9223494,0.14551657,0.48536325,0.75500417,0.9313794,-0.995964,0.41258034,0.22236075,0.27714097,-0.16855952,-0.5731388,0.89518553,0.032823727,0.514767,0.14045812,0.023233725,-0.8968395,-0.9799063,0.037669316,0.9709077,-0.5000461,0.9576959,0.6777252,-0.71783435,-0.97342664,-0.32116184,-0.16964896,-0.16210812,-0.46918938,0.027010232,-0.86471933,-0.55731094,0.64300895
cnn_tile_006,0.10273931,-0.3306778,-0.80151385,-0.42349103,-0.37704268,-0.46619985,-0.304067,0.97977525,-0.65826625,-0.66710675,0.86980546,-0.3912595,-0.27059752,-0.8495333,-0.9779929,-0.912557,0.9064873,-0.97103965,0.3775464,0.74811614,0.6375039,-0.9637288,-0.49349838,-0.45844162,0.89296085,-0.88999104,0.75427824,0.8661616,0.0394203,0.9967212,0.40903684,-0.9223353,0.18627954,-0.81916726,0.33560988,0.85018444,0.85296226,-0.76638544,-0.86152756,0.8688111,-0.05916587,0.9297466,-0.2513353,-0.68247867,-0.23585248,-0.5258311,0.23058051,-0.10245121,0.9880441,0.9424357,-0.9072379,-0.50662315,-0.7328534,0.53065914,0.97817403,-0.85902745,-0.82839835,0.58706045,-0.4388427,-0.027527424,-0.07707246,0.97169524,0.67589074,0.9273826,0.35191736,0.21832488,0.769121,0.91651726,-0.99650544,0.38326013,0.049514413,0.39921448,-0.075808756,-0.4730794,0.8886333,0.20766845,0.40567046,0.08361515,0.13489333,-0.9244411,-0.9797268,-0.0048895534,0.9635677,-0.686728,0.9558855,0.69245386,-0.7359212,-0.9760319,-0.22630554,-0.38381833,-0.14264297,-0.52137303,0.09204036,-0.8745895,-0.6080318,0.6634591
cnn_tile_007,-0.08548282,-0.4505358,-0.79153633,-0.19966556,-0.39656308,-0.49201337,-0.29417613,0.9785035,-0.6600632,-0.692669,0.90162396,-0.1737343,-0.35687846,-0.8044654,-0.981213,-0.91522056,0.92868227,-0.9730019,0.4502844,0.6859883,0.5972827,-0.96454614,-0.58287555,-0.34875518,0.89365697,-0.8969422,0.74828416,0.85857064,0.09521199,0.9965391,0.42594817,-0.8918661,0.24575679,-0.8107239,0.28838214,0.7509192,0.84901106,-0.86538917,-0.802113,0.8963849,-0.011377939,0.86945564,-0.38023636,-0.71480584,-0.20059952,-0.31216738,0.23500203,-0.060292855,0.9890968,0.9473796,-0.8886396,-0.50744724,-0.74324113,0.5234677,0.9765949,-0.8059038,-0.8741764,0.6758029,-0.46707165,0.07396255,-0.05322581,0.96813244,0.68537927,0.9307222,0.04237085,0.31830165,0.7490941,0.9349166,-0.9962962,0.42997238,0.18852739,0.2595883,-0.05540452,-0.52251244,0.8725289,0.30761033,0.4806722,0.086185165,0.13781872,-0.8825307,-0.97625554,-0.0505911,0.9558183,-0.5746071,0.95511836,0.65640765,-0.7581472,-0.96914715,-0.2942945,-0.20216556,-0.07333983,-0.55924284,0.02239641,-0.83673394,-0.6635796,0.7524034
cnn_tile_008,-0.00063017936,-0.3991253,-0.8334706,-0.30372208,-0.32619902,-0.4224706,-0.2871781,0.97787035,-0.61484736,-0.71587497,0.8797938,-0.30188096,-0.2880252,-0.80834186,-0.9816084,-0.90279275,0.9087251,-0.9738198,0.32169518,0.7776833,0.58313924,-0.9464808,-0.63141143,-0.3604708,0.8761918,-0.8881318,0.74365723,0.8762092,-0.055182297,0.9968141,0.41625986,-0.92451704,0.2526057,-0.8075618,0.4356602,0.75519556,0.86126435,-0.8345478,-0.8461594,0.89611006,-0.07595614,0.89448535,-0.42777082,-0.68822455,-0.30556113,-0.64033777,0.13597618,-0.11369744,0.98004633,0.9361015,-0.9192494,-0.36604866,-0.6757775,0.66840523,0.9814582,-0.8408746,-0.82305837,0.5543647,-0.3705292,-0.17534089,-0.107394636,0.9630609,0.53696895,0.9226457,0.21152465,0.29492345,0.80527157,0.9363969,-0.99576825,0.5701768,0.26369977,0.3360941,-0.18532944,-0.59832686,0.90384316,0.17894547,0.470047,0.223824,0.05999836,-0.9195578,-0.985401,0.20807847,0.96668,-0.43555623,0.9648596,0.61532235,-0.77512145,-0.96275604,-0.3384032,-0.19847573,-0.07908755,-0.60139567,-0.049428057,-0.82246596,-0.71632653,0.67529464
cnn_tile_009,-0.04582386,-0.4113783,-0.73661864,-0.3434907,-0.18474838,-0.4086213,-0.38724053,0.9675738,-0.64204276,-0.7077054,0.8925694,-0.26733112,-0.3047402,-0.83680093,-0.9727967,-0.9005898,0.911038,-0.97497433,0.32391682,0.69818324,0.712463,-0.9629824,-0.37461883,-0.4450175,0.8969504,-0.8809445,0.7958408,0.83700514,0.24071929,0.9968551,0.28938383,-0.9188075,0.0032056405,-0.8691025,0.290073,0.8176508,0.861635,-0.8732044,-0.85993886,0.79945666,0.004788869,0.84647214,-0.18236451,-0.6701848,-0.3162267,-0.4639353,0.3194403,-0.14779091,0.98758847,0.9239307,-0.91090685,-0.29501107,-0.7793578,0.57597196,0.98238117,-0.8248347,-0.8610074,0.5309886,-0.5143218,-0.00495188,-0.22259553,0.9653762,0.5530555,0.93884087,0.15784134,0.29163647,0.7617934,0.9267683,-0.9966945,0.4280809,0.06696986,0.39508033,-0.24800302,-0.43643034,0.8806399,-0.14336668,0.5409285,0.093133576,-0.056847945,-0.9281442,-0.97798616,-0.12542173,0.9520945,-0.6507488,0.9485493,0.5915545,-0.76232296,-0.9794224,-0.29771596,-0.1857449,-0.17667167,-0.31953612,-0.03340049,-0.84806466,-0.6180053,0.52570724
cnn_tile_010,-0.024450593,-0.4808892,-0.76634884,-0.3625765,-0.5095606,-0.42564312,-0.20722042,0.9817519,-0.66415507,-0.7430131,0.9135733,-0.36088637,-0.4031601,-0.8469062,-0.97872764,-0.9281279,0.9073632,-0.9718057,0.335535,0.6842072,0.6524993,-0.9686707,-0.4015846,-0.5274126,0.88753086,-0.9064837,0.7681539,0.8900382,0.07358828,0.99745816,0.53616124,-0.9142199,0.14161393,-0.8467296,0.2975501,0.77163965,0.83202785,-0.8912955,-0.83056,0.9046571,0.035618715,0.8492568,-0.30690944,-0.704413,-0.14612912,-0.53707063,0.24651712,-0.019872924,0.98845136,0.93854344,-0.92287415,-0.52338696,-0.639153,0.55698884,0.9833257,-0.84305733,-0.82662135,0.68498653,-0.5022932,-0.07040126,-0.16832747,0.9630822,0.6046677,0.93762714,0.080320545,0.3454742,0.8427468,0.9254984,-0.9967686,0.47701442,0.15713896,0.19179003,-0.16939133,-0.5404533,0.91635686,0.32648316,0.42328805,0.24751724,0.19235836,-0.9202279,-0.98039496,0.018752072,0.9544336,-0.5128371,0.95540595,0.6095922,-0.7592312,-0.9810299,-0.27288073,-0.069453165,-0.11956703,-0.48120326,-0.087588176,-0.8763195,-0.6391389,0.66213566
cnn_tile_011,-0.043157063,-0.40185815,-0.7948066,-0.133399,-0.34259167,-0.5125824,-0.3304708,0.98026633,-0.7163705,-0.6664371,0.87385,-0.18383329,-0.3236043,-0.81983155,-0.9726555,-0.90753853,0.911305,-0.973678,0.3867073,0.76990235,0.6914484,-0.96177626,-0.40279847,-0.3566057,0.8988945,-0.8855289,0.7371775,0.8558527,0.08024187,0.99681795,0.40975454,-0.8750566,0.19822209,-0.7789384,0.16569664,0.8379686,0.81268114,-0.8569083,-0.79337,0.8731676,-0.06842323,0.9124835,-0.375952,-0.75794524,-0.25983596,-0.40069008,0.17412768,0.05595606,0.9871671,0.932377,-0.8924899,-0.44392914,-0.7379012,0.41108236,0.98773587,-0.73236376,-0.87204015,0.57837284,-0.46851435,-0.0005798637,-0.18059811,0.9638539,0.580293,0.91900647,0.17014676,0.3007079,0.798129,0.9283137,-0.99514663,0.40940887,-0.0070328745,0.2635396,-0.11758226,-0.46530578,0.8719292,0.2706621,0.34953052,0.054687276,0.24742964,-0.90798646,-0.9776802,0.05759142,0.9540331,-0.6332488,0.9358968,0.6755039,-0.7931177,-0.9647049,-0.30387655,-0.1692902,-0.10324786,-0.4617745,-0.05399985,-0.85589343,-0.5687669,0.77681154
cnn_tile_012,0.0131693855,-0.5672645,-0.7620275,-0.28256723,-0.41728422,-0.23666103,-0.32341388,0.9792463,-0.6523544,-0.7015776,0.82990044,-0.39612427,-0.3797479,-0.77796686,-0.97407943,-0.90578127,0.85135186,-0.9743061,0.4611581,0.61120874,0.5653967,-0.94264513,-0.413928,-0.518278,0.88812417,-0.8934411,0.8169335,0.86977595,0.10144071,0.9965041,0.38672018,-0.9099766,-0.0057064136,-0.7767671,0.3778485,0.7913575,0.8671794,-0.8740444,-0.8740581,0.86204416,0.008113631,0.8827063,-0.4022811,-0.6808033,-0.22449161,-0.66326815,0.09423147,-0.22115692,0.98456335,0.9518507,-0.9259429,-0.31479272,-0.6920259,0.4344014,0.986323,-0.81301945,-0.8348948,0.513915,-0.50660485,-0.21349604,-0.2660269,0.96581936,0.48970523,0.91551864,0.2172951,0.30309874,0.7790252,0.9228447,-0.9959385,0.35409632,0.14086479,0.17844221,-0.033247624,-0.58518875,0.8917611,-0.026187973,0.42185152,0.19307749,0.037221864,-0.9162101,-0.97699404,-0.10768869,0.96253914,-0.56799495,0.9490562,0.6117743,-0.77080894,-0.98186904,-0.2941714,-0.24939138,-0.17103797,-0.537051,-0.18815842,-0.8812791,-0.60735345,0.68550926
cnn_tile_013,0.03271743,-0.39906293,-0.7815008,-0.4075347,-0.42709422,-0.5390321,-0.24147664,0.97169304,-0.5860208,-0.7320862,0.8994974,-0.36695758,-0.35597855,-0.87596565,-0.9775384,-0.8986613,0.8913235,-0.97850657,0.28951922,0.7130855,0.75211006,-0.9565944,-0.5483779,-0.38394713,0.924075,-0.86147964,0.76820886,0.84623295,-0.009571245,0.9973201,0.3931898,-0.930721,0.07926956,-0.816928,0.5691952,0.81914055,0.83387876,-0.87235767,-0.8565349,0.87918097,0.041831877,0.83856976,-0.49925905,-0.7022549,-0.1984108,-0.6059897,0.06716387,-0.15773605,0.9894778,0.9435467,-0.93053025,-0.4225266,-0.67137694,0.61350775,0.9860435,-0.8525331,-0.82054216,0.5212268,-0.5184875,0.07841796,-0.081277765,0.9686144,0.5602677,0.8801389,0.0051490655,0.37594673,0.7889128,0.9077103,-0.99546105,0.45188996,0.19071546,0.13827804,-0.12448987,-0.60380006,0.8939779,0.42428902,0.36435223,0.15662685,0.16057874,-0.91581815,-0.9751425,0.15460967,0.9550603,-0.5811597,0.95859176,0.5753071,-0.75120205,-0.97516817,-0.24748325,-0.16006553,0.04080628,-0.5007433,-0.035295393,-0.8673452,-0.70904,0.73699176
cnn_tile_014,0.15287516,-0.33945566,-0.7901917,-0.38839525,-0.3965132,-0.4213591,-0.37365282,0.97531193,-0.6567743,-0.63754964,0.8979205,-0.4201703,-0.37009722,-0.84530765,-0.98521155,-0.91707516,0.9106186,-0.96889997,0.44655496,0.6024993,0.6249314,-0.9622887,-0.36749795,-0.4384194,0.86060977,-0.87851495,0.80418557,0.8399342,0.101880856,0.99648815,0.34579018,-0.9249312,0.33621493,-0.7881114,0.44453472,0.79605514,0.807083,-0.8591938,-0.8312327,0.8817804,-0.010602561,0.89490736,-0.31878883,-0.692468,-0.23922208,-0.48983052,-0.003494472,-0.017053522,0.9844951,0.9400285,-0.91131747,-0.47359586,-0.7393057,0.4431475,0.9773623,-0.85332185,-0.8608753,0.6408933,-0.4301455,0.06965825,-0.09118998,0.9697315,0.6689432,0.9114729,0.29442528,0.26316527,0.732445,0.9034863,-0.99519235,0.3935374,0.14488913,0.3480532,-0.20810714,-0.55105317,0.89840496,0.25494474,0.42386544,0.009362141,0.06947896,-0.9138735,-0.9763486,-0.23071492,0.95646405,-0.62411857,0.96588784,0.63036937,-0.77613,-0.98273987,-0.24607815,-0.27529368,-0.02382069,-0.5825707,-0.009859764,-0.8659574,-0.617773,0.60082024
cnn_tile_015,0.03215158,-0.3214382,-0.76882493,-0.36362168,-0.4216125,-0.50522995,-0.28328457,0.9766698,-0.65308815,-0.75175005,0.89431566,-0.27582926,-0.3590937,-0.8461127,-0.97681296,-0.9404528,0.92589676,-0.97493595,0.42733583,0.70468926,0.6227846,-0.9553077,-0.52245605,-0.5098742,0.90240455,-0.9125644,0.77650523,0.8453177,0.15421541,0.9963683,0.34181532,-0.901928,0.21679537,-0.84982294,0.3387731,0.7919062,0.85095394,-0.8814662,-0.8192925,0.8642233,-0.044178512,0.8629217,-0.29617396,-0.6865176,-0.20449638,-0.4684487,0.23768759,-0.10368189,0.98720306,0.9305117,-0.9017018,-0.46195242,-0.72264844,0.46910885,0.9791637,-0.8351561,-0.8249515,0.6666896,-0.5059967,0.056666728,0.00946676,0.9684734,0.6065934,0.9374616,0.2685044,0.35393265,0.80614936,0.91943866,-0.9965396,0.3276594,0.19067594,0.19116054,-0.12154506,-0.4903111,0.88456875,0.19583523,0.42307585,0.11250612,0.1549827,-0.8754118,-0.9704159,-0.066260815,0.96578705,-0.5780432,0.95083123,0.6769902,-0.7700122,-0.97939354,-0.24143767,-0.27429464,-0.057268564,-0.5002183,0.06613268,-0.8210393,-0.5872242,0.63646597
cnn_tile_016,0.096342646,-0.30928853,-0.7888386,-0.31337735,-0.5065369,-0.48961374,-0.27530056,0.97625345,-0.6726933,-0.6337849,0.8851964,-0.32422543,-0.26150167,-0.8217549,-0.98049927,-0.91125625,0.9109413,-0.9695421,0.3535938,0.6920195,0.5849864,-0.95872843,-0.51789784,-0.52009,0.87247187,-0.8775346,0.76057076,0.8417149,-0.05842646,0.99671197,0.31346694,-0.9080343,0.2785049,-0.84644645,0.41299602,0.8325272,0.86343664,-0.8615867,-0.89493364,0.88032323,-0.08536043,0.86138755,-0.14522968,-0.7074192,-0.3110885,-0.5241827,0.12566124,-0.14530379,0.9863075,0.931382,-0.900579,-0.4969406,-0.6746106,0.4363164,0.98301566,-0.83654755,-0.85346735,0.6370778,-0.47298226,-0.12660982,-0.08327405,0.96051687,0.6162164,0.93311316,0.3897733,0.33511233,0.8404522,0.9299053,-0.99569136,0.32775047,0.21726404,0.37550804,-0.062051106,-0.44734454,0.8975102,0.090114966,0.42238095,0.14500858,0.07655397,-0.9149689,-0.9758193,-0.03488165,0.95418906,-0.5476386,0.95412135,0.699481,-0.7437782,-0.9780366,-0.18658169,-0.29162797,-0.113244236,-0.46810657,-0.011809455,-0.83642465,-0.64426315,0.62289345
cnn_tile_017,0.10536662,-0.37590507,-0.80709517,-0.33996755,-0.4171168,-0.48389614,-0.3338441,0.9776565,-0.60534334,-0.71003145,0.8940063,-0.23522873,-0.21742564,-0.86261594,-0.97822165,-0.8984967,0.92009306,-0.97296077,0.30229315,0.73288924,0.64146394,-0.95931214,-0.5611784,-0.47504774,0.8894565,-0.87441754,0.8086767,0.8578031,0.09568116,0.9972706,0.39829195,-0.93915135,0.30415517,-0.85381556,0.45224598,0.8382152,0.8456762,-0.8384972,-0.8713614,0.8773594,0.031957485,0.8552139,-0.24488442,-0.7844682,-0.28371295,-0.6265795,0.10383404,-0.046881884,0.98710537,0.94025546,-0.91462326,-0.46958613,-0.6589016,0.6238633,0.98198795,-0.8359741,-0.8249545,0.59327614,-0.39740312,0.04036243,-0.19808055,0.9723613,0.6319076,0.9157982,0.29513007,0.31104192,0.7921822,0.91330874,-0.99532884,0.45181656,0.31695396,0.37240195,-0.12861009,-0.55676794,0.89622515,0.33463854,0.3860782,0.10048616,0.23394935,-0.9200135,-0.97864616,0.09660613,0.9510678,-0.61665475,0.9571871,0.6684255,-0.7824811,-0.9764453,-0.21511798,-0.2497734,-1.4230609e-05,-0.42063826,0.050587725,-0.8390634,-0.5867452,0.6106018
cnn_tile_018,-0.056541372,-0.22353628,-0.797956,-0.32493117,-0.38800713,-0.53910047,-0.3402398,0.98307097,-0.7068082,-0.74086314,0.8782433,-0.2923994,-0.43895265,-0.83739,-0.97916687,-0.9270959,0.91924185,-0.9796031,0.31102413,0.74258095,0.61121124,-0.96181047,-0.56027174,-0.5092689,0.85929406,-0.86923087,0.78257376,0.8497233,0.19219565,0.9973878,0.519607,-0.91755486,0.21633473,-0.86056036,0.36715746,0.81516665,0.8573799,-0.88045293,-0.77496916,0.88996464,0.08204704,0.9014866,-0.10261348,-0.68664825,-0.17211287,-0.45789853,0.28849998,-0.019709537,0.9838806,0.9256885,-0.9086497,-0.49558148,-0.62337273,0.49917296,0.9820253,-0.82725435,-0.8533028,0.7065686,-0.5490332,-0.039634448,-0.04541216,0.9564196,0.5898566,0.9359755,0.21445413,0.35459417,0.7717679,0.92267627,-0.9970624,0.42203468,0.16826996,0.12533122,-0.12719426,-0.608086,0.8606691,0.21461777,0.36787513,0.14295408,0.24077107,-0.8811842,-0.97705257,0.28483477,0.97187066,-0.6100554,0.95685226,0.726244,-0.7657178,-0.97131133,-0.2513622,-0.25314286,0.00301913,-0.5778225,0.02140487,-0.83360857,-0.57703686,0.60928863
cnn_tile_019,-0.055558264,-0.41209295,-0.80529237,-0.34570763,-0.37424555,-0.3576712,-0.30733916,0.9788576,-0.62206185,-0.64303845,0.8762305,-0.39866313,-0.4184449,-0.8297279,-0.9806626,-0.92789775,0.89243126,-0.97380424,0.43826708,0.6450462,0.6119614,-0.96431786,-0.48350042,-0.42525357,0.8850527,-0.8939103,0.8137303,0.84451574,0.09790395,0.996289,0.41417354,-0.92524636,0.22717366,-0.80987465,0.49382627,0.76476353,0.8380381,-0.86791205,-0.84800184,0.86788577,0.03223201,0.90144664,-0.27614748,-0.67600393,-0.25710627,-0.50972533,0.17689286,-0.08710829,0.9861679,0.9329205,-0.90130067,-0.47098035,-0.7123208,0.46341333,0.9801957,-0.8494594,-0.82729036,0.65868473,-0.51558256,-0.034793004,-0.11379664,0.9661779,0.65294117,0.93120295,0.19910258,0.31811702,0.7583591,0.9169105,-0.99612176,0.35240698,0.256562,0.30301648,-0.043393314,-0.6317378,0.9002505,0.13590282,0.4779156,0.11001403,0.11403723,-0.9195872,-0.9749542,-0.05698905,0.9556692,-0.574257,0.95218295,0.67091995,-0.77911544,-0.9827632,-0.21719499,-0.13753487,-0.1360799,-0.54272556,0.029085863,-0.8816098,-0.60390127,0.6059695
cnn_tile_020,0.17735939,-0.45655748,-0.74258184,-0.3819146,-0.39605537,-0.38680184,-0.2885368,0.97752696,-0.56831825,-0.6501382,0.91212136,-0.445129,-0.2420009,-0.89044136,-0.9696058,-0.92712027,0.93107766,-0.97441566,0.29414192,0.76109636,0.7567556,-0.96295655,-0.4174902,-0.4275063,0.8610641,-0.75905055,0.85751677,0.7884792,0.1312957,0.99705964,0.31826285,-0.9206118,0.32017866,-0.8551556,0.4207303,0.80444896,0.8436535,-0.8669812,-0.80430555,0.89223224,-0.02477961,0.83970267,-0.2544274,-0.6369967,-0.1380845,-0.45337012,0.1418057,-0.05022459,0.99238825,0.94349915,-0.90303355,-0.49136496,-0.64929324,0.59770143,0.9829324,-0.823409,-0.7968781,0.69221884,-0.4306451,-0.063966215,-0.07208588,0.97581524,0.43285778,0.92703277,0.11209267,0.31425047,0.79404074,0.92679286,-0.9943817,0.48907915,0.12077327,0.24275556,-0.08188102,-0.52637494,0.88659936,0.15323566,0.52596205,0.025539834,-0.008052227,-0.9276381,-0.9661942,-0.09625961,0.9667762,-0.4595712,0.9630128,0.6778468,-0.7719122,-0.9785446,-0.35219538,-0.23908024,-0.073375836,-0.42587465,0.059867248,-0.84916246,-0.6488478,0.6096614
cnn_tile_021,0.041488543,-0.35932726,-0.81906855,-0.3442445,-0.38730013,-0.4714226,-0.36302873,0.98286605,-0.71799463,-0.66623163,0.9102726,-0.26210284,-0.33797902,-0.810221,-0.9818365,-0.91209674,0.89564604,-0.9764962,0.5432942,0.71315306,0.62622297,-0.9639378,-0.4417095,-0.36750025,0.8933212,-0.87407243,0.75186634,0.86118406,0.1006285,0.9967198,0.46075952,-0.90955657,0.2507509,-0.8268265,0.35816467,0.8198276,0.79558504,-0.8605254,-0.7975859,0.8893475,-0.01308631,0.8814291,-0.44429225,-0.7486802,-0.2378191,-0.58316296,0.06437024,-0.11805731,0.98815817,0.9360066,-0.91350454,-0.49766225,-0.6798296,0.45640007,0.97526586,-0.84671456,-0.8417676,0.6491086,-0.47019425,0.09354782,-0.13283773,0.9602558,0.6872897,0.93042374,0.20374997,0.32262364,0.77111983,0.921306,-0.9950269,0.39663488,0.17320135,0.30744916,-0.07073218,-0.58885074,0.8874563,0.31661323,0.41075775,0.016131388,0.060189266,-0.90301734,-0.9772204,-0.16387585,0.95701224,-0.56284577,0.96267796,0.66191393,-0.8112121,-0.97265434,-0.28226617,-0.16927905,-0.071983136,-0.5891694,0.059277177,-0.8653423,-0.5957097,0.67579585
cnn_tile_022,0.025805933,-0.39444277,-0.74591845,-0.27289936,-0.42766765,-0.48199514,-0.42605942,0.9771348,-0.7081955,-0.7532764,0.91237134,-0.3307094,-0.29654467,-0.814212,-0.97676647,-0.90806067,0.9255645,-0.97053945,0.47399855,0.69598114,0.5660628,-0.9569063,-0.44613793,-0.4992703,0.8973312,-0.86931586,0.8028846,0.86668205,-0.015408503,0.99687403,0.41174093,-0.94200957,0.2915146,-0.8236143,0.28856423,0.83779037,0.87454295,-0.87345856,-0.80075234,0.8854849,-0.049985707,0.9037742,-0.17236045,-0.6317843,-0.055741772,-0.49280646,0.16015416,0.044681646,0.9869373,0.93429255,-0.9291487,-0.47281313,-0.5915987,0.6256745,0.9823997,-0.85412884,-0.8505702,0.7000658,-0.39901304,0.01679891,0.0029491957,0.9560399,0.5555007,0.9310289,0.18636458,0.30948353,0.80375427,0.92888564,-0.99690026,0.46943653,0.25694582,0.34263533,-0.21335638,-0.59847164,0.91305494,0.31174386,0.44219768,0.03648394,0.07465729,-0.9184942,-0.9743714,-0.043986145,0.9664301,-0.6368693,0.97121036,0.74298054,-0.7713152,-0.9728524,-0.2234765,-0.39590013,-0.103182346,-0.5571579,-0.07338893,-0.85841924,-0.69213384,0.54651713
cnn_tile_023,-0.058496382,-0.3654226,-0.81002605,-0.33745554,-0.40186033,-0.4403275,-0.27592295,0.9764666,-0.7048223,-0.72662574,0.9079347,-0.19129373,-0.3860327,-0.8792983,-0.98129153,-0.92219573,0.9165482,-0.9761285,0.39958462,0.7129547,0.6573527,-0.96372783,-0.49260592,-0.46391305,0.899984,-0.9094803,0.7260941,0.86372674,0.18900031,0.9969497,0.45468524,-0.92413634,0.1577523,-0.83153486,0.4134636,0.8240976,0.8332779,-0.8633913,-0.8526792,0.8470234,0.08951187,0.87379473,-0.23481221,-0.75200033,-0.20787884,-0.6232004,0.17795165,-0.07978749,0.98617524,0.92416745,-0.9093316,-0.42593893,-0.68175477,0.4638623,0.9808436,-0.8260139,-0.81854683,0.57878864,-0.5061203,0.15205579,-0.060777143,0.96645135,0.695463,0.9418834,0.29498076,0.33582768,0.83232,0.9161791,-0.9961153,0.36345416,0.32932737,0.2619946,-0.29260105,-0.61249477,0.90979815,0.3182905,0.37706128,0.055306982,0.17377591,-0.9169173,-0.9790711,0.07857021,0.93984526,-0.6227776,0.9460359,0.6170991,-0.7877334,-0.9753978,-0.2883348,-0.08076803,-0.0732153,-0.45797336,0.047079213,-0.83348906,-0.60525376,0.6580574
cnn_tile_024,-0.003203301,-0.4461734,-0.7253973,-0.31511027,-0.36177975,-0.43348163,-0.44773018,0.9808736,-0.5692071,-0.70432097,0.89145374,-0.4120853,-0.33848536,-0.8615048,-0.980517,-0.9384239,0.9152307,-0.9634492,0.40073228,0.7240982,0.7066366,-0.95834696,-0.35655457,-0.41942632,0.89680856,-0.879596,0.7832203,0.8801229,0.12028322,0.99635065,0.347338,-0.89898914,0.24678123,-0.8739402,0.38739628,0.71386826,0.85699856,-0.9038326,-0.8385426,0.87717664,0.061095346,0.8237801,-0.28917804,-0.70253944,-0.19463587,-0.6604256,0.26181048,-0.11671275,0.98767614,0.9442426,-0.9025054,-0.48541617,-0.7234762,0.58008677,0.98052603,-0.83737886,-0.82199407,0.67393273,-0.5211808,-0.18256156,-0.12640756,0.9629422,0.6305597,0.9347069,0.19876692,0.517881,0.74283767,0.90813434,-0.995343,0.42006078,0.06426402,0.30744508,-0.10345109,-0.54754305,0.89728606,0.18271424,0.5774661,0.124703616,0.029578093,-0.9056152,-0.97384894,-0.1469518,0.95748913,-0.5222148,0.9614442,0.67254674,-0.7956722,-0.9727383,-0.19370498,-0.13347605,0.0022986042,-0.41988492,0.07363037,-0.88069326,-0.664122,0.55218077
cnn_tile_025,0.00043912788,-0.44889104,-0.78187704,-0.31545693,-0.413452,-0.5828145,-0.3498459,0.9804136,-0.63774806,-0.7410453,0.9071002,-0.3488191,-0.34485313,-0.8550219,-0.9766931,-0.91156334,0.90886766,-0.97495234,0.4436009,0.7650608,0.71092266,-0.96485126,-0.47273582,-0.43908924,0.8853878,-0.89021194,0.7719051,0.8458896,0.08025161,0.99746466,0.45917365,-0.931386,0.30651277,-0.87717456,0.4086793,0.8195494,0.798381,-0.8552775,-0.752274,0.89631516,0.17986374,0.8432493,-0.3821198,-0.7166622,-0.1492332,-0.5016806,0.08853851,0.0836083,0.98661715,0.9379106,-0.91087973,-0.42737958,-0.63632506,0.5646053,0.9849386,-0.83134377,-0.83264965,0.64060885,-0.540798,0.10411733,-0.16421245,0.95966,0.63082564,0.9225164,-0.12383022,0.41189042,0.7600376,0.9268733,-0.99627084,0.4716806,0.09491846,0.16588326,-0.053860556,-0.50129664,0.8792397,0.37487277,0.4343906,0.11210619,0.18374783,-0.91768825,-0.97596186,0.040935602,0.9663969,-0.55593944,0.9718793,0.6594817,-0.76959765,-0.97144777,-0.30368397,-0.08025934,0.036166895,-0.48344535,-0.015091852,-0.8647635,-0.67501664,0.67229086
cnn_tile_026,0.07703662,-0.3476713,-0.7990855,-0.37132883,-0.39667585,-0.5437264,-0.3593535,0.9727911,-0.618899,-0.68883324,0.92241055,-0.35230732,-0.4173451,-0.8959805,-0.974712,-0.9142178,0.9209066,-0.9731994,0.37039682,0.6931219,0.7151574,-0.9642639,-0.25067052,-0.48934683,0.90556306,-0.86702186,0.78019696,0.84546965,0.21297623,0.9978658,0.43027267,-0.9178327,0.16375904,-0.8689824,0.3478665,0.81005347,0.82893944,-0.8835458,-0.80194265,0.8841581,0.09998763,0.77137065,-0.346318,-0.71247196,-0.133228,-0.57415617,0.16390772,-0.03893394,0.98914546,0.9295581,-0.9156006,-0.48184958,-0.68461806,0.5608019,0.98435974,-0.7662435,-0.84964037,0.6009073,-0.40059295,0.14586794,0.026821168,0.9622249,0.5674069,0.9137868,0.1495498,0.36882555,0.7796514,0.9303172,-0.9959327,0.5008358,0.056995094,0.24300016,-0.22110204,-0.5075018,0.87898505,0.31767446,0.46958178,-0.017504007,-0.0071999454,-0.93873966,-0.979403,-0.13848533,0.93912256,-0.6607361,0.96608794,0.55131876,-0.78039426,-0.978466,-0.17634852,-0.09696733,-0.13216543,-0.36045593,-0.062080704,-0.8634621,-0.6977237,0.7230912
cnn_tile_027,0.052330174,-0.34525537,-0.84557635,-0.26058522,-0.41205868,-0.40889934,-0.45281136,0.9778254,-0.69820124,-0.6580033,0.86079377,-0.20719208,-0.31230408,-0.8440472,-0.9829165,-0.85716176,0.9106501,-0.97007626,0.19559698,0.68096846,0.6080387,-0.95415753,-0.5612212,-0.3811146,0.90522486,-0.8921564,0.7421502,0.8334417,-0.13751072,0.9965151,0.24912164,-0.9273931,0.33231345,-0.8466022,0.47891256,0.8231549,0.8498695,-0.8606323,-0.86486727,0.8632728,-0.079964325,0.8878114,-0.24568255,-0.72798467,-0.24464154,-0.5647706,0.16432752,-0.18061376,0.9802524,0.91880316,-0.8941534,-0.4692478,-0.6303418,0.5788678,0.9822496,-0.8390926,-0.80114174,0.5612229,-0.43863025,0.10565468,-0.06443951,0.9505652,0.62122923,0.9379788,0.14578187,0.152447,0.8091334,0.9318018,-0.9953708,0.32650003,0.33576658,0.35820368,-0.28880933,-0.5838292,0.9259345,0.29065013,0.49205768,0.08689975,0.015499833,-0.9215765,-0.9809882,-0.068763494,0.9599013,-0.40564653,0.96065116,0.6543541,-0.71981543,-0.96881807,-0.3639695,-0.15936658,-0.20221512,-0.56354773,-0.09088464,-0.7803104,-0.62177813,0.64866275
cnn_tile_028,-0.013193417,-0.5704711,-0.7725508,-0.2456669,-0.35036132,-0.37480327,-0.34409192,0.97963554,-0.51993644,-0.7357293,0.9058579,-0.39684635,-0.33023614,-0.840831,-0.97693443,-0.9209053,0.9065564,-0.97492564,0.46949458,0.65274036,0.6607527,-0.9622067,-0.55755365,-0.4240116,0.88151175,-0.8854343,0.7958278,0.8677985,0.18687612,0.9974818,0.45093265,-0.92105323,0.11936529,-0.7924247,0.34175527,0.7815961,0.87139493,-0.86765987,-0.8832245,0.89750475,-0.029555876,0.86078763,-0.2378542,-0.7103515,-0.190921,-0.40590405,0.32963338,0.0663757,0.9899737,0.95985156,-0.927594,-0.45436147,-0.7020111,0.57957006,0.985973,-0.84888685,-0.8778152,0.60518885,-0.5662249,-0.18239838,-0.12533379,0.9711892,0.57967824,0.9331835,0.10703828,0.1511501,0.8413528,0.9518535,-0.99661523,0.5012144,0.13333213,0.07410586,-0.17362504,-0.50364447,0.90498435,0.17480338,0.45768568,0.16825895,0.05201837,-0.9257144,-0.97917694,0.018724544,0.95964056,-0.6411839,0.9403525,0.5488758,-0.8052444,-0.9745986,-0.29092023,-0.08083239,0.1144904,-0.44084626,-0.10884107,-0.8909846,-0.66240114,0.69904834
cnn_tile_029,-0.0311995,-0.47732916,-0.8438071,-0.29055512,-0.4132569,-0.57818866,-0.21468125,0.9711695,-0.7225965,-0.65856636,0.89373535,-0.18014428,-0.21980226,-0.7782292,-0.9763046,-0.88316524,0.92626095,-0.97321886,0.32934427,0.75113904,0.58751136,-0.9613966,-0.4755945,-0.17163374,0.88400203,-0.9057207,0.6457051,0.86004025,-0.09679403,0.9951082,0.26936793,-0.90286905,0.29675132,-0.8207496,0.42591682,0.72190034,0.83922553,-0.8317544,-0.8032706,0.8499769,-0.10744349,0.893567,-0.3481877,-0.7075731,-0.16749889,-0.49581492,0.133762,-0.06283965,0.9854139,0.9162671,-0.8979059,-0.39604914,-0.60363656,0.46708348,0.9783807,-0.793668,-0.8200846,0.47936177,-0.37753215,0.11587531,-0.15073757,0.9606299,0.6509198,0.94895077,0.1370531,-0.1133373,0.83199465,0.92610586,-0.99611425,0.4654341,0.207302,0.31807524,-0.059549958,-0.53523755,0.89564615,0.30009112,0.44521767,0.24721129,0.21029906,-0.8988623,-0.98158354,-0.04289267,0.95854807,-0.33695808,0.93425703,0.53183955,-0.7586165,-0.97622734,-0.26934144,-0.071572,-0.17008595,-0.49833772,-0.1545005,-0.84499496,-0.6593035,0.68467313
cnn_tile_030,-0.038513195,-0.47366554,-0.76055527,-0.3042324,-0.4316394,-0.43342966,-0.18430316,0.9801831,-0.6971493,-0.7232486,0.8834491,-0.28436646,-0.51881987,-0.844369,-0.9754534,-0.91947424,0.9282292,-0.9744098,0.38861462,0.6898857,0.67054427,-0.968506,-0.44902202,-0.4416682,0.8707972,-0.9104185,0.7104115,0.85836107,0.012351273,0.9967548,0.4197112,-0.923227,0.2671559,-0.774105,0.36517057,0.80871075,0.84106886,-0.87796456,-0.83341306,0.8554829,-0.05061842,0.8998729,-0.2385261,-0.738436,-0.24839307,-0.418683,0.28546175,-0.18840137,0.9878134,0.92697024,-0.87495714,-0.58293146,-0.69176364,0.3485956,0.9802727,-0.7700799,-0.87356645,0.61010075,-0.5199911,-0.16672377,-0.021061387,0.9652817,0.5987078,0.95691276,0.20223626,0.2753468,0.80709374,0.9415965,-0.9966759,0.4567246,0.1395132,0.18380728,-0.105661385,-0.56182075,0.8999794,0.15251309,0.44362164,0.04740594,0.22218193,-0.90572643,-0.9686222,-0.051572938,0.9511842,-0.67270386,0.9449661,0.58303297,-0.73797184,-0.9799697,-0.37874642,-0.1430767,-0.23143086,-0.56654215,0.05773411,-0.8389471,-0.62725675,0.6788943
cnn_tile_031,0.057629667,-0.22462824,-0.8225946,-0.33838886,-0.3648041,-0.5372787,-0.2840463,0.98023254,-0.70068437,-0.7142708,0.88833743,-0.29144406,-0.3604234,-0.8065607,-0.98259777,-0.8996967,0.90483695,-0.9683754,0.241362,0.74234307,0.6591043,-0.9448829,-0.44441283,-0.4727113,0.8964808,-0.8641706,0.7529089,0.8698339,0.12659802,0.99746066,0.44127437,-0.93645597,0.23060356,-0.86429954,0.44570032,0.8079357,0.8636397,-0.83471394,-0.8360295,0.87773126,0.056111924,0.89903194,-0.23009887,-0.65389824,-0.18773025,-0.51887697,0.10609207,-0.09682915,0.9825238,0.9173036,-0.9156631,-0.4220751,-0.57356024,0.4177743,0.97837424,-0.874285,-0.8049585,0.5913917,-0.56922317,0.03626721,-0.028169375,0.96373487,0.52502805,0.9159638,0.29435194,0.20133796,0.7941937,0.91427046,-0.9957841,0.38251147,0.2399801,0.42873058,-0.19874169,-0.37308183,0.90485185,0.343252,0.4251343,0.05865441,-0.08832077,-0.9360623,-0.97928673,-0.10654321,0.950805,-0.6088639,0.96541023,0.5961225,-0.7268555,-0.9755651,-0.2750047,-0.33041313,-0.23589452,-0.5872564,-0.1828688,-0.84826434,-0.6795383,0.6723515
cnn_tile_032,-0.03855061,-0.4164052,-0.7976389,-0.37825796,-0.42749077,-0.4870904,-0.3627928,0.9811682,-0.67241865,-0.6841238,0.8705237,-0.27370295,-0.20164451,-0.8280645,-0.9837053,-0.9052197,0.8905729,-0.9665325,0.30304635,0.74694026,0.63142663,-0.95990676,-0.54276,-0.52903086,0.8799258,-0.88314277,0.71320665,0.81151396,0.0045463573,0.99630404,0.31360775,-0.91499084,0.20968741,-0.8608972,0.29964578,0.8197902,0.8359333,-0.8616639,-0.8398161,0.8913459,0.041277144,0.8745563,-0.17394327,-0.70251524,-0.094040915,-0.56349254,0.24551116,-0.039252102,0.98838985,0.91684306,-0.91317034,-0.50290406,-0.6170779,0.59463423,0.98242104,-0.880941,-0.8672985,0.5730558,-0.4879081,-0.043524805,-0.2037121,0.9651472,0.5930497,0.941152,0.10728757,0.2831419,0.869251,0.91050696,-0.9969949,0.33821276,0.16731434,0.39432615,-0.3219716,-0.38877422,0.89938635,0.27746007,0.39949426,0.08987317,0.16765727,-0.9146252,-0.9766168,0.060698986,0.96713006,-0.4659681,0.960552,0.65311587,-0.78285474,-0.9804474,-0.2239009,-0.2458123,-0.15471275,-0.4183857,-0.09310267,-0.86067384,-0.6732587,0.6925956
cnn_tile_033,-0.13997656,-0.30829093,-0.775788,-0.24549842,-0.26919386,-0.5049454,-0.21428017,0.9772338,-0.61101586,-0.6737044,0.9101265,-0.32670024,-0.4241324,-0.83445644,-0.9797647,-0.9240612,0.91951036,-0.96927536,0.37408578,0.59728307,0.7000372,-0.95624983,-0.27134356,-0.37671846,0.9229957,-0.8590277,0.79823273,0.8541289,0.24377765,0.99729526,0.358343,-0.910447,0.09558057,-0.8484034,0.205187,0.8277616,0.8342199,-0.8681998,-0.8139864,0.86071366,0.058646344,0.8457038,-0.3609642,-0.7018734,-0.29473674,-0.46262854,0.19033316,-0.052461486,0.9879748,0.9404897,-0.91597366,-0.5030405,-0.71151334,0.503956,0.98039967,-0.8240274,-0.85076904,0.53758305,-0.5178012,-0.12932472,-0.02737163,0.9721281,0.6086671,0.93596596,0.45821178,0.40770015,0.8062463,0.9187433,-0.9954908,0.3687437,0.17076923,0.3880018,-0.30670476,-0.5098157,0.90575725,0.1238221,0.4414321,-0.04555157,0.0062362268,-0.9300635,-0.9761396,0.037575215,0.95305365,-0.6689504,0.9370747,0.6551355,-0.7717129,-0.9770247,-0.24809188,-0.13129483,-0.05457735,-0.41078714,-0.010687704,-0.904562,-0.6297147,0.680282
cnn_tile_034,0.030174516,-0.4252269,-0.75701517,-0.31800875,-0.46423286,-0.30343568,-0.20518826,0.973283,-0.6313065,-0.632603,0.8791112,-0.30670267,-0.32342035,-0.8338606,-0.98117995,-0.92910403,0.8925505,-0.9704516,0.23557088,0.71169835,0.66404754,-0.9537388,-0.59302795,-0.4965921,0.90690154,-0.8764297,0.7866369,0.8182086,-0.058573388,0.9969135,0.33369598,-0.93169624,0.20445825,-0.8369989,0.4846209,0.7432827,0.8925822,-0.84503454,-0.86859185,0.87041664,-0.03406111,0.9010593,-0.4491032,-0.6147119,-0.18124677,-0.61228937,-0.035354573,-0.04680224,0.98679924,0.9507506,-0.91715044,-0.34305283,-0.667306,0.6100468,0.98099816,-0.8544081,-0.787806,0.6495716,-0.60161144,-0.2292193,-0.06551135,0.9635444,0.4827659,0.87906486,0.24180089,0.29988357,0.7573809,0.9327284,-0.9962461,0.39186087,0.3369597,0.3659424,-0.15073916,-0.6538137,0.91193724,0.043574937,0.3868857,0.25863275,0.049844522,-0.91358376,-0.9779169,0.03633383,0.95441616,-0.47400254,0.954323,0.63849455,-0.71821225,-0.974847,-0.42128065,-0.29813793,-0.18082166,-0.5335021,-0.086915575,-0.8593011,-0.6796928,0.61806273
cnn_tile_035,0.054383174,-0.222713,-0.7872559,-0.27890405,-0.43151245,-0.42202568,-0.2759059,0.9719292,-0.6126393,-0.6695968,0.8916114,-0.15080093,-0.4595902,-0.8254615,-0.9744872,-0.9117599,0.9179801,-0.9745523,0.34974942,0.63536114,0.6941694,-0.96016043,-0.4562415,-0.48147503,0.89032465,-0.8646128,0.8162319,0.8308214,0.0434313,0.99780756,0.2858966,-0.9376454,0.23172693,-0.8665389,0.37600303,0.8599926,0.8657279,-0.8791651,-0.8678273,0.8915983,-0.21008942,0.8046507,-0.20580268,-0.671777,-0.31303537,-0.39629507,0.23011115,-0.14698313,0.984987,0.91745937,-0.90080166,-0.4614359,-0.5871586,0.52064395,0.9811131,-0.854252,-0.8210932,0.66736215,-0.4534294,-0.056732982,-0.041072205,0.9589521,0.43900526,0.93408245,0.23114851,0.12404995,0.8207268,0.9225745,-0.99696696,0.34427583,0.40252787,0.17808278,-0.21662505,-0.5616515,0.91486794,0.13653226,0.36114913,0.20579316,-0.03440301,-0.9272955,-0.98209167,-0.055824243,0.9650435,-0.4157911,0.93857837,0.62739575,-0.71867496,-0.9816008,-0.36711246,-0.24927807,0.031005416,-0.51342094,0.05983476,-0.820934,-0.56360734,0.62518364
cnn_tile_036,-0.015905822,-0.4717551,-0.810196,-0.27560022,-0.41157964,-0.5306579,-0.20140284,0.9764679,-0.67050415,-0.7492068,0.89188135,-0.15288162,-0.45247447,-0.8476013,-0.9763348,-0.92688155,0.9229702,-0.9834242,0.4452853,0.641036,0.5811186,-0.9644306,-0.4148888,-0.43464598,0.8943774,-0.8640645,0.76760787,0.857097,0.12065833,0.99788743,0.37046033,-0.92920303,0.25298297,-0.84659874,0.32135692,0.8420807,0.8490202,-0.85881424,-0.8576951,0.8691064,0.04920202,0.8210605,-0.30454126,-0.71261626,-0.18802305,-0.5453211,0.23911005,-0.069377325,0.98557204,0.93629885,-0.93301564,-0.41194525,-0.6014897,0.45129803,0.9799019,-0.79840785,-0.7985727,0.5266587,-0.5170392,-0.064221784,-0.1400852,0.96402866,0.59146404,0.9428217,0.18523817,0.17105705,0.8195981,0.92439485,-0.9966862,0.37919885,0.3308231,0.2786066,-0.22112735,-0.5867734,0.90485036,0.2661401,0.33599195,0.15534839,0.11218016,-0.93241143,-0.97664016,0.009887161,0.9614998,-0.54392356,0.9561108,0.61685926,-0.7767053,-0.97774994,-0.2352009,-0.21070753,-0.049037863,-0.4462177,-0.07928258,-0.8392706,-0.6924537,0.68935883
cnn_tile_037,-0.0017178432,-0.3781766,-0.7991386,-0.4230484,-0.33104816,-0.49440172,-0.27731484,0.973928,-0.65593463,-0.676239,0.92413384,-0.319814,-0.3872491,-0.8269719,-0.98081315,-0.91959274,0.8975626,-0.9712759,0.2923664,0.67744535,0.7824653,-0.9630076,-0.34279642,-0.46185914,0.9155002,-0.88115805,0.7684633,0.8651771,0.09559319,0.9975697,0.38587627,-0.9090362,0.12801318,-0.8793032,0.36197004,0.8266354,0.8375151,-0.8669678,-0.8178448,0.8680162,0.17130023,0.8270867,-0.50511444,-0.64803255,-0.24336319,-0.5334232,0.111185804,-0.14005284,0.988066,0.92962974,-0.90669066,-0.4232363,-0.6590943,0.5717018,0.9782393,-0.84509134,-0.81361425,0.55964327,-0.49398777,-0.018876795,-0.14290173,0.9681798,0.5816622,0.9348772,0.15036613,0.39118403,0.73656696,0.914811,-0.99569297,0.39866278,0.16352826,0.4216798,-0.2337084,-0.47375703,0.8921253,0.21882537,0.50599897,-0.024776706,-0.065576054,-0.93933624,-0.9791925,-0.13096742,0.9524967,-0.52241313,0.9659997,0.64914125,-0.7419933,-0.97925323,-0.3134663,-0.22068267,-0.12818135,-0.52181447,-0.04306479,-0.86529964,-0.68524927,0.6471002
cnn_tile_038,-0.020253848,-0.40833402,-0.7755147,-0.5146997,-0.34478664,-0.47706732,-0.23078611,0.9787194,-0.65536815,-0.7063739,0.90971434,-0.30301002,-0.39238673,-0.8441753,-0.9827225,-0.9258176,0.917862,-0.979442,0.37990382,0.6826485,0.63414645,-0.9681102,-0.47643358,-0.46476838,0.9051209,-0.8869266,0.76057434,0.855377,0.054255143,0.9973471,0.42845815,-0.9336985,0.075457826,-0.83194333,0.4673874,0.79919,0.8587884,-0.85360444,-0.8129593,0.8658289,0.025532752,0.86843866,-0.42602053,-0.6215685,-0.192075,-0.5915175,0.11260221,-0.11924519,0.986345,0.9331828,-0.9123106,-0.44896787,-0.64340264,0.5803742,0.9780301,-0.86672765,-0.81237584,0.5873333,-0.5174722,-0.074043475,-0.07919136,0.9688581,0.6140854,0.9358298,0.19724512,0.28441796,0.769537,0.91431135,-0.9960201,0.38257632,0.108806945,0.23138046,-0.2696107,-0.5816769,0.89645904,0.31466493,0.41462207,0.053654086,-0.011460808,-0.90097713,-0.9818011,0.06919511,0.9596431,-0.59885716,0.96617335,0.56497365,-0.7325347,-0.97772914,-0.26611945,-0.2670138,-0.14006674,-0.5724491,-0.063407265,-0.8760356,-0.6433779,0.6313322
cnn_tile_039,-0.057223037,-0.29839578,-0.74154377,-0.25374168,-0.46388003,-0.3466401,-0.29759443,0.9750697,-0.62442654,-0.67654866,0.85627645,-0.50221884,-0.28207022,-0.8780449,-0.9753236,-0.90002537,0.91281486,-0.96482545,0.30862504,0.7626588,0.72184557,-0.9475903,-0.43784595,-0.38607952,0.87129444,-0.8976693,0.7897326,0.86750877,-0.020558039,0.9954352,0.26604727,-0.92418635,0.063277036,-0.7131561,0.48416382,0.74333394,0.8409387,-0.8676549,-0.8434011,0.8417625,0.15123817,0.8946697,-0.23550865,-0.6319727,-0.032747395,-0.5040641,0.22618127,-0.02562898,0.9913435,0.9301648,-0.90176785,-0.55652994,-0.6999508,0.41177064,0.9842893,-0.8408362,-0.8373512,0.7433865,-0.47886357,-0.023454212,-0.08372555,0.97149736,0.53437066,0.9439104,0.1988469,0.27524927,0.8322344,0.9445031,-0.9962892,0.36836088,0.20420395,0.11798865,-0.21052799,-0.6179942,0.9150727,0.22292437,0.5472981,0.12091512,0.22125022,-0.9384458,-0.97293174,-0.025605818,0.9459853,-0.6877122,0.9447385,0.61224914,-0.75534356,-0.9817776,-0.2582347,-0.13599764,-0.15935022,-0.45149362,0.12223752,-0.84150165,-0.7061793,0.6486078
cnn_tile_040,-0.0011678723,-0.34498528,-0.8086233,-0.34256765,-0.35891536,-0.51515573,-0.23234816,0.98403656,-0.64547855,-0.67784375,0.90738326,-0.31952605,-0.38889632,-0.87043756,-0.98279536,-0.91629165,0.92588055,-0.97565037,0.43244123,0.7472729,0.7116502,-0.9652753,-0.501793,-0.449502,0.8489007,-0.8574359,0.76910067,0.88325316,0.29473335,0.9973818,0.45853925,-0.9365852,0.23142809,-0.82003534,0.38396525,0.81022024,0.8420223,-0.86260426,-0.84212226,0.9032616,0.0006877928,0.8935908,-0.34789354,-0.7260228,-0.268194,-0.5274545,0.18448274,-0.027072428,0.9878332,0.92871463,-0.9191601,-0.44352874,-0.61860526,0.4044118,0.9780485,-0.81868476,-0.842659,0.55698866,-0.51578146,0.018654823,0.016882425,0.9643271,0.60426974,0.930864,0.34953856,0.32572812,0.7974436,0.8939839,-0.9947992,0.46893898,0.17627881,0.3358713,-0.07189891,-0.54845756,0.8854106,0.20905654,0.4879414,0.04133229,0.033654187,-0.92290425,-0.9779695,0.08552803,0.95876825,-0.63650554,0.95756465,0.70467925,-0.8135423,-0.9703307,-0.24137802,-0.12398837,0.024926305,-0.49595523,-0.124157,-0.8790826,-0.58488107,0.652395
cnn_tile_041,-0.10918405,-0.40526122,-0.8391702,-0.33549982,-0.27036205,-0.43765056,-0.28341818,0.97695005,-0.74497414,-0.7072948,0.8855194,-0.15094405,-0.42923948,-0.813743,-0.98202026,-0.911079,0.87483615,-0.97255874,0.24551456,0.617969,0.6311061,-0.9394267,-0.46034053,-0.423043,0.9089817,-0.859803,0.7739078,0.83688724,0.12528211,0.9978005,0.3727121,-0.92395663,0.1971681,-0.8353495,0.39768434,0.8504523,0.8254024,-0.8504939,-0.81514925,0.8423906,0.08894906,0.86916786,-0.34767488,-0.650379,-0.18961583,-0.3688095,0.11971422,-0.08926078,0.9861795,0.91881496,-0.9114877,-0.33168846,-0.5886836,0.40226936,0.97710097,-0.8650541,-0.8182675,0.6438276,-0.5053007,0.041889176,-0.12837853,0.9646544,0.5226742,0.938333,0.14906608,0.11747272,0.7571512,0.9222564,-0.9967548,0.29436067,0.26192066,0.31400985,-0.31500885,-0.4719092,0.90695274,0.20963089,0.38814098,0.06952775,-0.028185984,-0.9189459,-0.97939104,-0.22692764,0.9523208,-0.6250725,0.9626969,0.5375453,-0.73369265,-0.9827211,-0.37962306,-0.29371694,-0.18061075,-0.5210796,-0.014165468,-0.85461044,-0.67553985,0.67173845
cnn_tile_042,0.007374829,-0.3792074,-0.765728,-0.4029498,-0.4216354,-0.5330015,-0.28887638,0.97826475,-0.6242366,-0.71011853,0.89803696,-0.2953016,-0.33563957,-0.80158365,-0.981431,-0.90823966,0.9140943,-0.9774568,0.31291163,0.7470991,0.49932563,-0.9666915,-0.5034889,-0.5297355,0.87752986,-0.8675726,0.80432284,0.81729037,0.08926338,0.9972626,0.45575178,-0.935504,0.31760317,-0.85752785,0.47188556,0.841741,0.8479338,-0.8493575,-0.83022904,0.8854813,-0.026803019,0.87455857,-0.19532086,-0.73500526,-0.23273802,-0.48819557,0.18096256,0.029154263,0.983535,0.9313068,-0.92514455,-0.4985596,-0.6187014,0.542514,0.97952724,-0.8305326,-0.8729099,0.6304344,-0.5120948,-0.075760074,-0.04016217,0.9611876,0.6317507,0.9075067,0.25876808,0.20570989,0.7987929,0.9203229,-0.9952165,0.4292295,0.24198349,0.34785685,-0.1790542,-0.4540418,0.87246084,0.33883387,0.3065711,0.101978816,0.10656775,-0.90790945,-0.97383815,0.029634941,0.9668141,-0.583382,0.96261173,0.70280653,-0.755944,-0.97735626,-0.25663686,-0.21261153,-0.02840799,-0.51919574,-0.103249505,-0.84858096,-0.63169557,0.62608254
cnn_tile_043,0.1464881,-0.4702109,-0.8193954,-0.36606884,-0.4532137,-0.4412895,-0.26173714,0.9744137,-0.6778838,-0.70606464,0.9146498,-0.3564902,-0.39634123,-0.79392487,-0.97941035,-0.9357775,0.90397096,-0.97063106,0.47658497,0.6891697,0.66685724,-0.9699885,-0.4638586,-0.33382523,0.90222174,-0.90246373,0.78320014,0.87288,0.19386695,0.9958155,0.46499616,-0.8806391,0.3204417,-0.82554674,0.22140098,0.83395994,0.8245495,-0.86925036,-0.8305395,0.88016915,0.085607916,0.8889944,-0.30368128,-0.75672853,-0.2327792,-0.44041795,0.25274768,-0.038676366,0.9884295,0.9512968,-0.88368505,-0.60938835,-0.7041822,0.4876294,0.981534,-0.80599415,-0.8575885,0.6618277,-0.4675001,-0.07616518,-0.1335531,0.9696876,0.7160337,0.9358559,0.21877012,0.38792944,0.83644813,0.93003297,-0.99643797,0.50275475,-0.0048745037,0.3012114,-0.11585232,-0.47730273,0.8689875,0.27343407,0.48601907,0.15786237,0.1561699,-0.90854806,-0.9768941,-0.09692879,0.9646191,-0.6201692,0.95670205,0.7030804,-0.81157696,-0.979083,-0.20540528,-0.059778634,-0.07014042,-0.44007418,-0.011430093,-0.8855486,-0.61555815,0.7077932
cnn_tile_044,0.013651395,-0.29445687,-0.7583621,-0.42500418,-0.39729628,-0.49350756,-0.29413545,0.9755105,-0.69225454,-0.76221144,0.854872,-0.1541012,-0.23725717,-0.82387936,-0.98388374,-0.912003,0.9027394,-0.9755541,0.29161653,0.7338441,0.68816835,-0.9556112,-0.56985974,-0.41061515,0.85742015,-0.893466,0.8088173,0.8787452,0.1806628,0.99764335,0.2246231,-0.9259178,0.088444814,-0.75564384,0.541214,0.84602815,0.87812287,-0.8773191,-0.8518456,0.8930684,0.03151466,0.8630558,-0.35166177,-0.68860894,-0.39964738,-0.4512749,0.21017425,-0.16334577,0.97800225,0.93561643,-0.91401696,-0.4348138,-0.54429793,0.5594588,0.9763748,-0.89613396,-0.8621852,0.47676572,-0.35527486,-0.29566213,-0.010764254,0.9664035,0.56845474,0.9242014,0.21950865,0.21469422,0.8364514,0.93022573,-0.9970608,0.44870076,0.3634156,0.15855245,-0.1681831,-0.489124,0.88641053,0.17685701,0.39892647,0.28159502,0.05713911,-0.90881515,-0.981171,0.15185194,0.9594937,-0.5582298,0.9477371,0.59189504,-0.72986513,-0.979885,-0.32435533,-0.24612658,-0.013519969,-0.5033659,0.017773649,-0.7952003,-0.62258136,0.70328456
cnn_tile_045,0.066868946,-0.36645776,-0.7945275,-0.37861866,-0.35869366,-0.5236247,-0.27298436,0.98466945,-0.6300303,-0.7164167,0.90030646,-0.3698702,-0.27584082,-0.88569856,-0.98131645,-0.9205851,0.9211264,-0.9737694,0.38822433,0.78255415,0.7113054,-0.9611231,-0.54742163,-0.47650498,0.85080636,-0.86941427,0.76782084,0.838763,0.22417225,0.9972536,0.48079878,-0.92809707,0.2448533,-0.84515125,0.34240463,0.792213,0.81446135,-0.8552365,-0.8103531,0.89515543,0.08618865,0.89260244,-0.29300085,-0.7155104,-0.16394609,-0.5057472,0.057160802,0.1259323,0.98996913,0.93131423,-0.91630536,-0.39571795,-0.66836816,0.53308594,0.98269796,-0.8499899,-0.8363792,0.5831796,-0.568576,0.08160374,-0.08356194,0.9733792,0.60328937,0.91644686,0.13452399,0.35076135,0.80633366,0.9106165,-0.99492383,0.50016624,0.1430443,0.25175074,-0.20929708,-0.46646568,0.879262,0.3063219,0.425663,0.06835169,0.13585456,-0.89290285,-0.97487307,0.023533912,0.9605296,-0.63465244,0.9697042,0.65901893,-0.8149744,-0.97545505,-0.32205254,-0.21663544,-0.037087813,-0.49517736,-0.0018612721,-0.8682928,-0.6206491,0.6972529
cnn_tile_046,0.041063264,-0.3815504,-0.7777476,-0.37126285,-0.42819822,-0.43998283,-0.3932087,0.97383845,-0.6862604,-0.6732297,0.92875826,-0.41732675,-0.35700807,-0.8356147,-0.97419447,-0.9377312,0.9261742,-0.9719948,0.45975232,0.6604075,0.6791609,-0.9582332,-0.33905563,-0.5242876,0.88627416,-0.8778138,0.8276891,0.82241565,0.027915182,0.9974458,0.38138708,-0.91905236,0.24014208,-0.89262515,0.398071,0.8205799,0.83852506,-0.91428804,-0.7871011,0.90516967,-0.008077073,0.8261578,-0.30266783,-0.66547173,-0.25215048,-0.48635375,0.022631096,-0.09005018,0.9880354,0.9183239,-0.9115827,-0.44430116,-0.67412055,0.6002781,0.9844984,-0.8205834,-0.8417521,0.70925033,-0.48547846,-0.008345511,-0.13779806,0.95461667,0.45584738,0.9336787,0.07786305,0.42566738,0.75420386,0.9341846,-0.99548286,0.5022418,0.18065502,0.20177679,-0.20715043,-0.48947257,0.8898617,0.15367576,0.5346876,-0.014509673,-0.11639406,-0.9307476,-0.9797612,-0.20481542,0.9648065,-0.4462334,0.9706069,0.62869143,-0.7589817,-0.9791983,-0.3643988,-0.14965914,-0.10837971,-0.5936207,-0.056934856,-0.8685186,-0.65396875,0.59258115
cnn_tile_047,0.066612124,-0.27338436,-0.82758427,-0.40327564,-0.3939495,-0.41675922,-0.30171522,0.9737331,-0.6738247,-0.6457309,0.9070353,-0.36787078,-0.20263332,-0.82664096,-0.9831029,-0.8556377,0.92974854,-0.97171724,0.29147956,0.61469847,0.64847416,-0.9507532,-0.39717737,-0.4431155,0.8913036,-0.8459246,0.7603092,0.8257496,0.13952015,0.9967106,0.44555646,-0.941892,0.3147513,-0.8104629,0.36611006,0.84847635,0.80175793,-0.8397185,-0.794405,0.877524,-0.024607696,0.86880004,-0.2951682,-0.7714837,-0.30754277,-0.53577965,-0.01379243,-0.08680913,0.98290414,0.93971646,-0.89674395,-0.5579141,-0.63881844,0.6627945,0.98295504,-0.8359212,-0.85115445,0.5422775,-0.19754033,0.027001722,-0.016132627,0.9690009,0.66027635,0.9039364,0.37209982,0.2744528,0.785406,0.909898,-0.99499506,0.4890807,0.23326997,0.4090021,-0.36080822,-0.44835705,0.9080488,0.27011052,0.32585812,0.035880357,0.06083968,-0.91941524,-0.9822077,-0.019201012,0.96383446,-0.57469445,0.96387905,0.56399596,-0.77067995,-0.9710977,-0.31886947,-0.37544087,-0.109613866,-0.51949227,-0.025992692,-0.84973097,-0.58788913,0.63540107
cnn_tile_048,0.062411673,-0.34749237,-0.7127008,-0.47045618,-0.51541954,-0.46465373,-0.3576746,0.9739073,-0.62214124,-0.6443168,0.90660495,-0.3397924,-0.39814124,-0.8378719,-0.9782426,-0.9115523,0.89704883,-0.9652813,0.26123527,0.6971579,0.65607536,-0.9724844,-0.38191187,-0.5022552,0.8957096,-0.91503555,0.84408754,0.8746883,0.028859869,0.9971844,0.49217704,-0.9202888,0.2253777,-0.8842818,0.40760687,0.8170346,0.84472007,-0.8754798,-0.82676727,0.86612904,0.011709631,0.8160178,-0.22192648,-0.7529524,-0.29857346,-0.5467297,0.3705331,0.0386852,0.9845829,0.93998593,-0.89265025,-0.6225165,-0.6641452,0.5805215,0.976839,-0.83006954,-0.82159424,0.6638256,-0.45933166,-0.1576307,-0.08264396,0.95907396,0.67538446,0.92133987,0.17174983,0.20949723,0.79609233,0.92721593,-0.99579203,0.3434077,0.22018677,0.2957022,-0.2826487,-0.5354377,0.8995803,0.32404464,0.41331398,0.08178342,-0.061536018,-0.93946826,-0.9748767,-0.08759176,0.96040267,-0.58432573,0.9572548,0.69745994,-0.6786087,-0.98353976,-0.22234207,-0.067293815,-0.085602894,-0.5175047,-0.062307898,-0.852179,-0.58877665,0.62240887
cnn_tile_049,-0.0013691067,-0.42120463,-0.82210517,-0.27710614,-0.36504778,-0.5022347,-0.2107061,0.97575164,-0.70245385,-0.79398054,0.90505683,-0.1596229,-0.4957708,-0.77678585,-0.9730973,-0.91783845,0.9119874,-0.97693914,0.4986809,0.7118485,0.55646604,-0.96278334,-0.50196904,-0.5067777,0.90313977,-0.91596425,0.77508503,0.87025964,0.040130958,0.9968604,0.46088228,-0.8899928,0.123974,-0.83023316,0.25856116,0.79713714,0.8377272,-0.8628989,-0.8614751,0.8974339,-0.1237493,0.8550695,-0.38661093,-0.6823818,-0.22969428,-0.51774305,0.19856936,-0.1025411,0.9827254,0.92291665,-0.91043264,-0.53057605,-0.6343216,0.6038352,0.97746265,-0.7935464,-0.85822606,0.67092127,-0.48700276,-0.0105399275,-0.041871306,0.95792615,0.49830073,0.9372608,0.12923175,0.3159128,0.7779884,0.9257618,-0.99717295,0.50882787,0.28540692,0.11742715,-0.13847156,-0.60539836,0.8999435,0.20497464,0.39162967,0.15171835,0.1750744,-0.9125543,-0.9788103,0.058920074,0.9652255,-0.4299289,0.9504746,0.6366699,-0.7522343,-0.9766256,-0.31510124,-0.080307424,0.019090137,-0.35967597,0.122903585,-0.83955306,-0.6171229,0.7485094
cnn_tile_050,-0.07243339,-0.272727,-0.82230467,-0.33568767,-0.43160552,-0.46362495,-0.40700385,0.9798145,-0.68740964,-0.6680035,0.9083654,-0.26196566,-0.40600494,-0.83266336,-0.98180574,-0.9212583,0.8988859,-0.9738056,0.2980637,0.6914504,0.5918413,-0.96630085,-0.49766704,-0.40435818,0.88608325,-0.8814358,0.7665272,0.87686026,-0.0015135247,0.99786514,0.48422876,-0.91077554,0.3218546,-0.87016135,0.31911278,0.81044626,0.8516106,-0.8565028,-0.8144342,0.88748443,0.003347876,0.8760525,-0.26220214,-0.73837256,-0.2780604,-0.51546997,0.16789927,-0.0462998,0.98620296,0.93590164,-0.8954448,-0.54896796,-0.67354494,0.6077681,0.9814806,-0.8483858,-0.8475992,0.6345793,-0.4577224,-0.037638232,-0.09445771,0.9571438,0.6722245,0.9413407,0.21788208,0.25641677,0.7766242,0.926696,-0.99579084,0.47789276,0.19102417,0.34323978,-0.28269643,-0.46311527,0.90141696,0.28783637,0.40559146,0.004436762,-0.010187222,-0.9331639,-0.98539203,-0.042418852,0.956341,-0.58153695,0.969989,0.59092265,-0.7177388,-0.9731531,-0.196253,-0.17008805,-0.15316159,-0.5682144,-0.008257589,-0.8433613,-0.678083,0.6387636
cnn_tile_051,0.083719134,-0.37616238,-0.80891514,-0.43658805,-0.35425663,-0.45622882,-0.29757008,0.9771366,-0.6675951,-0.7140449,0.89983374,-0.19791768,-0.38917544,-0.81195927,-0.9842639,-0.8899047,0.91562766,-0.971219,0.39348182,0.7432516,0.68058306,-0.9592644,-0.43594044,-0.35560924,0.9137753,-0.87182295,0.71848553,0.86487526,0.02379256,0.9971085,0.37554187,-0.93689924,0.1968081,-0.7857608,0.4698297,0.80689895,0.8531837,-0.83104765,-0.78162867,0.8627055,0.025756786,0.85888606,-0.49342552,-0.7016976,-0.10190024,-0.5941253,0.06977097,-0.24362054,0.9848443,0.93165934,-0.9047233,-0.48125285,-0.5817549,0.6009061,0.9795224,-0.8741322,-0.84202915,0.5308158,-0.46326393,-0.07497995,0.032772634,0.9716909,0.6198382,0.9253243,0.22858958,0.2967016,0.7978286,0.9263374,-0.9959585,0.5282574,0.12977031,0.50437486,-0.27595535,-0.611707,0.8774492,0.40645987,0.40424633,0.06038876,-0.019803505,-0.91386175,-0.9820801,0.100737594,0.9571405,-0.5619375,0.96909815,0.5024905,-0.7269808,-0.9690746,-0.23760417,-0.25388578,-0.2353613,-0.5984404,-0.052081805,-0.8307985,-0.7261531,0.6457592
cnn_tile_052,-0.0903765,-0.4345413,-0.7847704,-0.41401356,-0.42784014,-0.5010062,-0.30917722,0.98022777,-0.60294294,-0.63794917,0.8790589,-0.3638866,-0.38456526,-0.85614103,-0.9754178,-0.9171259,0.92664945,-0.97257715,0.42045403,0.75299007,0.66147375,-0.9551883,-0.51603836,-0.39381525,0.8958578,-0.86408937,0.75725734,0.85154176,-0.0595865,0.9962492,0.40348956,-0.89933354,0.2204596,-0.848514,0.36902037,0.8027726,0.84898466,-0.89881325,-0.83607566,0.89245236,0.038137898,0.8918732,-0.2760742,-0.6845945,-0.2933291,-0.6263226,0.27261353,-0.19914792,0.9879368,0.9373324,-0.91068834,-0.5580614,-0.7061307,0.5646443,0.98117703,-0.809882,-0.8460645,0.5878746,-0.32960984,-0.18020147,-0.05526928,0.9615982,0.5335993,0.92647564,0.16847762,0.43808404,0.8183567,0.9040126,-0.9966943,0.3770368,0.10394865,0.3103141,-0.121812895,-0.5713448,0.88281536,0.36973003,0.34138554,0.18975598,0.20804006,-0.9061262,-0.97944975,0.23493397,0.96199125,-0.54321307,0.9600199,0.630069,-0.7355494,-0.97363156,-0.28492594,-0.23827453,-0.094670944,-0.5201196,0.06321133,-0.84277874,-0.5474832,0.74242234
cnn_tile_053,-0.088761784,-0.4907463,-0.8071699,-0.27885002,-0.45248133,-0.30076998,-0.13514864,0.9710404,-0.63288254,-0.7564225,0.91840404,-0.3425941,-0.38456142,-0.86212754,-0.98309386,-0.9252636,0.90170926,-0.9737591,0.40024358,0.5743673,0.7010703,-0.95198256,-0.4383408,-0.46019083,0.89630884,-0.8780271,0.8012813,0.8614995,0.08981149,0.99703723,0.40019834,-0.9289447,0.112813465,-0.8027915,0.4244207,0.80862415,0.8474235,-0.90527415,-0.85818326,0.91638625,0.015171139,0.80038476,-0.36589727,-0.6601003,-0.32486984,-0.5026788,0.11234486,-0.1061053,0.9865028,0.9437544,-0.92006975,-0.51555836,-0.6721881,0.66135186,0.9843943,-0.85872835,-0.8533982,0.6764358,-0.442785,-0.11463996,-0.11008986,0.96747965,0.5915971,0.91458076,0.09677906,0.4081922,0.80714035,0.9329819,-0.9966535,0.44523498,0.18611085,-0.01927736,-0.0735858,-0.54162127,0.90223026,0.15135467,0.41292846,0.17497286,-0.012819907,-0.92841935,-0.9804068,-0.03845056,0.9574255,-0.4383708,0.94736606,0.55181223,-0.80942136,-0.9796594,-0.31147152,-0.1462119,-0.05269302,-0.5968348,-0.090849176,-0.8485658,-0.6531849,0.64605194
cnn_tile_054,-0.049057554,-0.36005867,-0.8023172,-0.38303602,-0.36038178,-0.36807212,-0.47460824,0.9809464,-0.69698447,-0.61775094,0.86759645,-0.33193496,-0.2040527,-0.85540825,-0.9834838,-0.9065,0.90314233,-0.9621991,0.39623442,0.78515375,0.6996048,-0.9534834,-0.35321745,-0.38452262,0.875295,-0.87806815,0.7430494,0.8060569,0.032960854,0.996268,0.36094186,-0.9084187,0.22982372,-0.7975415,0.35654077,0.7838783,0.8067239,-0.8362328,-0.79477185,0.8559528,0.06875995,0.89144975,-0.3117263,-0.7170023,-0.18192363,-0.55105805,0.2739072,-0.21938899,0.9866101,0.9253674,-0.9041941,-0.48432088,-0.7066244,0.4704575,0.981632,-0.80020624,-0.8690442,0.6041904,-0.43296742,0.056755908,-0.09046827,0.97169876,0.67142826,0.9275717,0.21365178,0.35163397,0.7884338,0.93327063,-0.99608034,0.37111002,0.029802887,0.5241788,-0.17860289,-0.48048386,0.87367654,0.31786892,0.5117424,-0.08340708,0.16287065,-0.92673004,-0.9713976,-0.11031374,0.96200716,-0.57634956,0.9597805,0.7297379,-0.78710073,-0.97014004,-0.2830522,-0.14379235,-0.2802995,-0.52016866,0.023143495,-0.8422392,-0.6606751,0.6854729
cnn_tile_055,0.08416232,-0.372231,-0.81227946,-0.36940402,-0.34353918,-0.48164383,-0.2560046,0.9740044,-0.71314114,-0.68446267,0.91682297,-0.06894825,-0.3612897,-0.80114436,-0.96980053,-0.89805734,0.91944593,-0.97579765,0.33428746,0.63528436,0.5473463,-0.96570957,-0.5243426,-0.32258403,0.9021484,-0.88280463,0.8088815,0.83390987,-0.029398276,0.9972331,0.36020243,-0.92294997,0.16746688,-0.8691271,0.34651938,0.85905933,0.83555025,-0.84224653,-0.850838,0.8631523,-0.109475,0.83548635,-0.22257674,-0.700654,-0.3897208,-0.40799472,0.14564946,-0.010220291,0.9840771,0.9340555,-0.92679745,-0.43344358,-0.64475435,0.5686045,0.97864497,-0.811953,-0.8411608,0.6103483,-0.34419733,0.12866831,-0.27052286,0.9571015,0.6046869,0.94399583,0.23642203,-0.003777173,0.8043949,0.93498486,-0.995688,0.39859182,0.46590737,0.21289833,-0.34167403,-0.4830691,0.8815796,0.21163365,0.48815593,0.10158733,-0.1180445,-0.92702514,-0.9815509,0.022519773,0.96163845,-0.4971149,0.9502529,0.6642871,-0.70636415,-0.9858199,-0.30252358,-0.2368357,0.066360325,-0.3627229,-0.0159859,-0.82115436,-0.5817749,0.5957453
cnn_tile_056,0.030471923,-0.58444154,-0.76094824,-0.3245796,-0.38552892,-0.4470786,-0.3741279,0.982204,-0.5726892,-0.61685663,0.8914102,-0.4567357,-0.30834243,-0.8616612,-0.9748774,-0.93312395,0.90716636,-0.9713594,0.4114081,0.6177347,0.5752931,-0.96951866,-0.32952183,-0.53074193,0.9013851,-0.89381224,0.82074547,0.78707874,-0.06860153,0.99712425,0.37698787,-0.8886045,0.20663384,-0.88659686,0.38144282,0.7933519,0.84557635,-0.87137467,-0.84152246,0.91888666,-0.08715188,0.84121823,-0.37730524,-0.6454682,-0.35553932,-0.6351273,0.31691074,0.058552805,0.98914766,0.9269054,-0.92270714,-0.44316798,-0.75420153,0.48334625,0.9779686,-0.8477747,-0.84933066,0.57968897,-0.512665,-0.07435955,-0.25944662,0.9606828,0.5816898,0.9430129,0.07095542,0.33912945,0.82269746,0.9289081,-0.9945096,0.27191374,0.1969311,0.1940853,-0.04162352,-0.5410575,0.8996849,0.18051146,0.46165252,0.008732008,0.04925844,-0.92275953,-0.9787834,-0.015292797,0.96936023,-0.4114968,0.9483519,0.70609236,-0.75841004,-0.98310965,-0.3246542,-0.064546175,-0.07358902,-0.5934048,0.0209358,-0.88876724,-0.6034165,0.54469323
cnn_tile_057,0.06627491,-0.41294783,-0.79457825,-0.32089597,-0.36653867,-0.46487066,-0.3999107,0.970791,-0.6618844,-0.70687604,0.8724097,-0.30912444,-0.21606646,-0.8296153,-0.9761405,-0.86911315,0.9057217,-0.9641313,0.32261604,0.6988471,0.66275185,-0.94940645,-0.41121945,-0.24415922,0.9175584,-0.89554596,0.7557534,0.83783245,0.07155615,0.9954665,0.14341615,-0.95302135,0.17053896,-0.77478915,0.4049694,0.8191482,0.85254616,-0.81411517,-0.82502747,0.837838,-0.019910185,0.8759831,-0.33332044,-0.67019147,-0.11472055,-0.5428519,0.121111825,-0.080937006,0.9830316,0.92011124,-0.89444095,-0.49642295,-0.61687785,0.5677251,0.9810667,-0.86398315,-0.8156686,0.44705006,-0.40994984,-0.013081416,-0.14307795,0.971932,0.56050074,0.9520887,0.24771293,0.18878035,0.83936065,0.93028766,-0.99489665,0.44795418,0.3593543,0.37182721,-0.3486527,-0.5460151,0.9037949,0.18147363,0.47643322,0.15943532,0.1452898,-0.91908723,-0.9781856,-0.049075533,0.9580153,-0.5630588,0.9555686,0.62197477,-0.77626586,-0.9797732,-0.2076205,-0.22894184,-0.2678002,-0.37092182,0.1107551,-0.83016247,-0.6591757,0.5972652
cnn_tile_058,-0.07078802,-0.46469525,-0.75679195,-0.27911198,-0.3670485,-0.5731704,-0.30121124,0.97513443,-0.69047004,-0.74380285,0.90229344,-0.27833572,-0.32588136,-0.7919039,-0.97559446,-0.89380914,0.92606604,-0.98146653,0.47431287,0.7189606,0.64778745,-0.9632254,-0.51055926,-0.3452252,0.89936465,-0.8598452,0.78974056,0.8342524,0.1747601,0.9966788,0.33801123,-0.93668765,0.28686318,-0.7876748,0.4519541,0.8253089,0.82004106,-0.90945405,-0.8508556,0.864999,0.08026386,0.862526,-0.4279313,-0.7381323,-0.23383449,-0.49977016,0.21333916,-0.17847663,0.98566765,0.93459207,-0.9330025,-0.48275965,-0.63129234,0.54929394,0.9830384,-0.8262841,-0.8337011,0.5847513,-0.42217502,-0.17234716,-0.005708677,0.9639482,0.5333358,0.92674166,0.0412498,0.23393129,0.8090223,0.9222929,-0.9961243,0.41216758,0.13218781,0.21857919,-0.16650258,-0.56422585,0.8987233,0.34148458,0.42303115,0.21644421,0.105171956,-0.8978133,-0.9694083,0.038626526,0.9621704,-0.5985829,0.9640353,0.69239837,-0.7834086,-0.97604144,-0.3411073,-0.15924874,-0.016158128,-0.46534327,-0.20024785,-0.86650497,-0.5565728,0.7046182
cnn_tile_059,-0.0904747,-0.43753245,-0.771895,-0.21591637,-0.40343308,-0.42975733,-0.37201893,0.970949,-0.63778466,-0.71864146,0.8845163,-0.2804247,-0.2004118,-0.8193771,-0.98169935,-0.9432383,0.9215187,-0.9761073,0.4080492,0.7062015,0.5872649,-0.9534227,-0.56035894,-0.36289656,0.8798069,-0.87981814,0.8011537,0.82652813,0.20705529,0.997173,0.3591105,-0.9188262,0.31120455,-0.80157137,0.35927558,0.80395955,0.8072088,-0.83248204,-0.8632202,0.88712037,-0.05022763,0.8338731,-0.30165008,-0.730984,-0.22373433,-0.40523487,0.13807692,-0.030865727,0.98566866,0.947623,-0.9031605,-0.4073074,-0.6911669,0.56548923,0.9855847,-0.81853527,-0.8185628,0.645117,-0.4657863,-0.15291122,-0.0680364,0.9709672,0.56603026,0.9247588,0.2236955,0.22551271,0.8165802,0.94731265,-0.9954779,0.4988941,0.19179097,0.2630461,-0.1760424,-0.4258231,0.87419426,0.107665524,0.53868496,0.06547828,-0.037072998,-0.9313538,-0.97804505,-0.09502463,0.95415354,-0.55845904,0.96764684,0.565666,-0.78684247,-0.9759324,-0.35138044,-0.12497052,-0.013259379,-0.5225705,-0.060574073,-0.87987125,-0.71428204,0.6353563
cnn_tile_060,0.031862244,-0.32344377,-0.82214403,-0.33469158,-0.21441711,-0.38518596,-0.38215643,0.97458434,-0.53673565,-0.56683576,0.855233,-0.3921398,-0.4009633,-0.80730206,-0.97337633,-0.921947,0.9313682,-0.9785679,0.30848417,0.54748714,0.6492496,-0.94596785,-0.672951,-0.4213351,0.9241002,-0.88295305,0.8358395,0.8807914,0.046424262,0.99400175,0.38534045,-0.9095369,0.115767576,-0.68441844,0.42041057,0.7657908,0.799775,-0.889584,-0.86835814,0.86286205,-0.09666922,0.9039754,-0.4368172,-0.70827276,-0.411831,-0.44894087,0.22811484,-0.13264537,0.9836692,0.9553915,-0.88954085,-0.5418616,-0.66333205,0.6219579,0.9821285,-0.8068907,-0.7721355,0.60556525,-0.32267377,-0.19000159,0.0020083617,0.9522645,0.62143654,0.89998156,0.2708808,0.40945646,0.82263565,0.90015835,-0.9942224,0.39051387,0.16550536,0.17865315,-0.16995445,-0.6490515,0.76884216,0.048658755,0.37458235,0.03962594,0.025155237,-0.90208745,-0.9678807,0.17870237,0.9638762,-0.58006394,0.92926645,0.71080613,-0.7332165,-0.9730185,-0.25458252,-0.08598615,0.14364986,-0.58022,0.21286578,-0.82319355,-0.4405293,0.69498414
cnn_tile_061,0.017223567,-0.4226805,-0.8392128,-0.3915146,-0.29149187,-0.32110992,-0.389681,0.9720679,-0.59474885,-0.6340134,0.87342393,-0.3929823,-0.46197388,-0.84477437,-0.96818846,-0.86380607,0.9193416,-0.9793034,0.20247519,0.5402584,0.67598486,-0.95298845,-0.58457303,-0.46005616,0.92370725,-0.87107974,0.8606544,0.86906064,0.028038364,0.9959345,0.3377568,-0.9474445,0.11407458,-0.7407067,0.46426705,0.7699438,0.8112238,-0.86882275,-0.8058827,0.831018,-0.15387283,0.904606,-0.4870885,-0.67952806,-0.29809183,-0.6390907,0.037693866,0.008490582,0.98455757,0.9545806,-0.9001633,-0.43802154,-0.6627394,0.6831481,0.9808101,-0.81730044,-0.7499579,0.56159234,-0.37221256,-0.014840564,-0.122370526,0.9320569,0.5348101,0.9139879,0.16607802,0.25810876,0.7688002,0.8920813,-0.99396694,0.4682843,0.21466555,0.113807045,-0.354886,-0.63011426,0.85638547,0.0900136,0.4348638,0.07387176,-0.15290076,-0.9251378,-0.9771524,-0.15670642,0.95331997,-0.5543226,0.9575023,0.5127393,-0.69259596,-0.97815967,-0.33945662,-0.1430556,0.064157724,-0.5946095,0.08049536,-0.8419792,-0.64136904,0.48849687
cnn_tile_062,-0.026643002,-0.4184988,-0.83003587,-0.286396,-0.24452877,-0.36393782,-0.43627387,0.9718559,-0.66564155,-0.6536162,0.84804076,-0.2973963,-0.4355577,-0.81006294,-0.9677234,-0.8972122,0.92475176,-0.9750511,0.4331935,0.6455685,0.7190239,-0.93467116,-0.5672532,-0.32597083,0.91432816,-0.8823387,0.84633106,0.86830664,0.21603766,0.99375147,0.33139554,-0.92928517,0.0644473,-0.67503387,0.34309024,0.7626703,0.7913494,-0.85152304,-0.81274986,0.8275351,-0.0690105,0.9057774,-0.44454628,-0.69162726,-0.23406588,-0.615268,0.10402068,-0.04257573,0.9842981,0.9417609,-0.87779725,-0.48180467,-0.73483425,0.48941964,0.9790447,-0.8181243,-0.74794525,0.54462373,-0.44990054,-0.11678292,-0.15544052,0.95248073,0.6194564,0.92471856,0.19292653,0.26171055,0.7927717,0.8747653,-0.9935584,0.4535478,0.08531571,0.23130904,-0.2335099,-0.55646574,0.8083435,0.028310765,0.46342167,0.105832644,-0.08696195,-0.91182667,-0.9773076,-0.1600022,0.9523458,-0.62107843,0.94378823,0.56868184,-0.77662736,-0.9743788,-0.2782071,-0.13966121,0.042570557,-0.63648456,0.10943757,-0.8389088,-0.5585947,0.6319833
cnn_tile_063,0.094073914,-0.36580083,-0.8371787,-0.2683186,-0.26829502,-0.31952354,-0.49311158,0.97377956,-0.5707571,-0.6421178,0.84209067,-0.24987246,-0.42054278,-0.8642506,-0.9742028,-0.8932647,0.90961343,-0.9733259,0.16237092,0.63208663,0.65422076,-0.9471248,-0.6814022,-0.41123644,0.9103433,-0.8597564,0.8449308,0.87430686,-0.10152995,0.996875,0.36308128,-0.9080382,0.25911936,-0.68397015,0.42450684,0.7361497,0.8239433,-0.8417423,-0.8558362,0.87689817,-0.25374067,0.91507554,-0.5061856,-0.6089079,-0.2651805,-0.5534507,0.14593703,-0.037963867,0.98305047,0.95705396,-0.898183,-0.41773254,-0.6857182,0.6724171,0.9793628,-0.83116245,-0.77294433,0.55819017,-0.43064192,-0.18963419,-0.1531755,0.9353623,0.55077237,0.8847826,0.22518256,0.1952404,0.7883408,0.9005949,-0.9936246,0.46569142,0.22219652,0.25807026,-0.1722651,-0.6529399,0.8480086,0.084028184,0.42531508,0.04553649,-0.024299806,-0.90976226,-0.97665185,0.072223134,0.9575101,-0.51229423,0.9482488,0.537428,-0.6779381,-0.9717984,-0.3625781,-0.15876517,0.096097544,-0.5896454,0.16161774,-0.75634557,-0.5728673,0.5693479
cnn_tile_064,0.06711071,-0.36055022,-0.813312,-0.3722729,-0.2708119,-0.3823276,-0.44858018,0.9644788,-0.58410823,-0.56530946,0.8602091,-0.36594605,-0.43391356,-0.85134387,-0.9700025,-0.89045763,0.927014,-0.9818531,0.26153302,0.5806976,0.7111269,-0.9495006,-0.5998325,-0.37574705,0.92113733,-0.80641335,0.86042947,0.8585611,0.13632575,0.99698037,0.3916567,-0.9365257,0.1968893,-0.73163944,0.38669848,0.8148079,0.8136405,-0.8807737,-0.8064528,0.83581173,-0.03763284,0.87178576,-0.4784823,-0.75288844,-0.1378686,-0.5270277,0.20320395,0.100728884,0.9894938,0.95713985,-0.8888546,-0.49981052,-0.6817581,0.6385918,0.9815332,-0.78047293,-0.7130427,0.60985386,-0.3696502,-0.049850073,-0.2275686,0.94862014,0.5539734,0.9273192,0.04819608,0.2888002,0.78692836,0.89429843,-0.99242306,0.4412843,0.1793664,0.22200191,-0.37899587,-0.5663398,0.787674,0.1396457,0.5133931,-0.009862789,-0.081323355,-0.9227885,-0.9776866,-0.12175577,0.9501068,-0.64484376,0.96058977,0.55296147,-0.7383839,-0.98216045,-0.22990869,-0.19361192,0.013810174,-0.5784026,0.09761189,-0.8468756,-0.6689084,0.60934436
cnn_tile_065,0.09794297,-0.4112235,-0.77145755,-0.2840855,-0.33642277,-0.44108716,-0.35808417,0.970642,-0.6270394,-0.6029997,0.8828996,-0.4310668,-0.37513155,-0.801697,-0.9658157,-0.88800275,0.93521816,-0.9701591,0.29924643,0.661781,0.70094335,-0.95325094,-0.5172477,-0.44497776,0.9281932,-0.83380264,0.85856223,0.8467429,0.08194616,0.9952072,0.36602655,-0.92060465,0.18695882,-0.7934241,0.34662017,0.791626,0.76417714,-0.8568937,-0.7803153,0.8577537,-0.14869952,0.89141035,-0.46206197,-0.6587981,-0.26136488,-0.5873087,0.13654687,0.024555141,0.9870886,0.95220464,-0.90173763,-0.5320086,-0.6692229,0.6372494,0.9800265,-0.81823736,-0.76230675,0.5719137,-0.36811984,-0.19787785,-0.032105807,0.9464414,0.58184093,0.89156854,0.15069404,0.38338363,0.815206,0.8771841,-0.993678,0.40729553,-0.0072400365,0.35410684,-0.16173318,-0.5111133,0.7802189,0.12904836,0.40300903,0.028325563,0.026290065,-0.92024654,-0.96375996,-0.07412806,0.96919465,-0.49790943,0.9484516,0.6794617,-0.7119895,-0.97736126,-0.26338977,-0.13561158,0.07371544,-0.53881747,0.06529747,-0.855264,-0.6054321,0.59406525
cnn_tile_066,-0.015378173,-0.39709023,-0.8181497,-0.30657455,-0.25448042,-0.4059448,-0.54287446,0.9774314,-0.61705995,-0.6253197,0.8464222,-0.35680625,-0.42934924,-0.83614826,-0.96681106,-0.91097647,0.9338747,-0.9774323,0.3264613,0.5788437,0.62794745,-0.9391091,-0.5768847,-0.44443342,0.916023,-0.84073746,0.86364186,0.8694526,0.06465255,0.9955601,0.38719013,-0.92205334,0.2363979,-0.7780916,0.3668935,0.78683305,0.8102176,-0.87899876,-0.82808673,0.88086396,-0.09804824,0.9104732,-0.37963685,-0.66609013,-0.2744927,-0.541528,0.24154748,-0.03002742,0.9826801,0.95201254,-0.887469,-0.5440137,-0.64283645,0.6156152,0.975724,-0.8354284,-0.71755135,0.63583905,-0.350739,-0.1330852,-0.10791703,0.93077654,0.5055026,0.91992486,0.14739224,0.3077802,0.76946515,0.883628,-0.99296516,0.37780637,0.13311549,0.24318497,-0.1517214,-0.55991995,0.8338824,0.037063245,0.41392106,0.08091473,-0.05411527,-0.90398914,-0.9772387,-0.03578797,0.95958054,-0.5339985,0.9482439,0.58482707,-0.709237,-0.97124475,-0.20265843,-0.124218866,0.191216,-0.64821285,0.23294583,-0.81611615,-0.5274326,0.52852833
cnn_tile_067,-0.08861791,-0.36303383,-0.79791427,-0.24507318,-0.20510386,-0.42226335,-0.51509696,0.9674655,-0.59633887,-0.6744263,0.8724771,-0.37554982,-0.52944034,-0.8215607,-0.96158355,-0.89458513,0.9397906,-0.9803809,0.47051674,0.6232971,0.6737458,-0.9426772,-0.5693332,-0.47948614,0.9067929,-0.84897363,0.8539052,0.8618157,0.24489848,0.9949797,0.39156124,-0.917649,0.14567529,-0.76989496,0.3904717,0.7485041,0.8368696,-0.89968383,-0.8030738,0.8378946,-0.023602676,0.88212234,-0.46037447,-0.65617216,-0.22744195,-0.6156772,0.17947064,-0.111145355,0.98301333,0.9381344,-0.87350965,-0.4548068,-0.6696666,0.48537776,0.9740407,-0.77995586,-0.7686557,0.5653198,-0.41395548,-0.102778785,-0.078709826,0.94017327,0.5704054,0.9286684,0.10893785,0.36381897,0.75339067,0.8856036,-0.9939358,0.41703922,0.14890692,0.17487782,-0.22256853,-0.57896936,0.81333876,-0.022207107,0.45795694,0.03673814,-0.10253358,-0.8985633,-0.9690303,-0.25343427,0.9541943,-0.5976845,0.9492462,0.5864379,-0.77583367,-0.9783236,-0.23629303,-0.0956992,0.036016278,-0.65012026,0.2606824,-0.8339104,-0.6075108,0.56889033
cnn_tile_068,-0.044160727,-0.37029347,-0.7976707,-0.385777,-0.22395463,-0.29535407,-0.5518028,0.96374077,-0.5403922,-0.61213964,0.84968007,-0.35908458,-0.3976931,-0.85167617,-0.96762025,-0.92377985,0.93100387,-0.97449476,0.20622244,0.6186806,0.6794553,-0.9497759,-0.5926999,-0.3242126,0.9221462,-0.8524799,0.8831845,0.8257953,-0.038780745,0.99631476,0.36108312,-0.91864115,0.18804365,-0.76629865,0.31419572,0.7745661,0.81302524,-0.85866666,-0.8270404,0.7975741,-0.07786926,0.8836849,-0.4158211,-0.71878844,-0.31379434,-0.5551292,0.27092347,-0.03676466,0.9857264,0.9537073,-0.88104856,-0.52289194,-0.74020827,0.6238617,0.9775515,-0.73375136,-0.7031171,0.57192045,-0.4560766,-0.16847625,-0.15499155,0.9482977,0.60925573,0.91446406,0.27896008,0.24886383,0.75422263,0.90107083,-0.99027973,0.3903187,-0.028010238,0.27174458,-0.21338311,-0.590968,0.74763185,0.11790499,0.5797738,-0.111868605,-0.09203906,-0.93278986,-0.9710066,-0.0063940906,0.9500558,-0.63306135,0.9577497,0.63389015,-0.6743185,-0.98240983,-0.2741356,-0.015082661,-0.03375764,-0.5645779,0.09973253,-0.8210984,-0.56479526,0.56112444
cnn_tile_069,-0.035251636,-0.3393994,-0.7282909,-0.42228496,-0.20877817,-0.41168243,-0.5226058,0.97196543,-0.51402575,-0.45865577,0.862107,-0.49458218,-0.37138343,-0.82722944,-0.9717978,-0.8932443,0.9255575,-0.97971064,0.41376552,0.65253973,0.71996033,-0.95523214,-0.53070647,-0.46856552,0.89456636,-0.8057908,0.85471696,0.8577787,0.116169155,0.9962013,0.35528293,-0.93937546,0.16720848,-0.7682123,0.5271313,0.8125848,0.8023237,-0.89231014,-0.77200454,0.8223579,-0.012254444,0.8931406,-0.4386878,-0.6865915,-0.21449552,-0.53328586,0.18811734,-0.0130765885,0.98339397,0.9453559,-0.9061229,-0.39958853,-0.59602934,0.5358435,0.97346145,-0.8045574,-0.7692233,0.50760406,-0.4174269,-0.15896206,-0.019556338,0.92580724,0.5281459,0.9138473,0.100448385,0.4013206,0.7463904,0.87716573,-0.9921475,0.29192108,0.26051626,0.3346899,-0.23405464,-0.6140389,0.790561,0.042757288,0.34182748,0.10933306,-0.006106323,-0.89478457,-0.95539886,0.03499741,0.9561552,-0.5669967,0.9480351,0.68728787,-0.7898414,-0.9775769,-0.27069312,-0.14954685,0.08609705,-0.5214393,0.2235196,-0.85418093,-0.5708183,0.5890778
cnn_tile_070,-0.10463312,-0.381786,-0.84020567,-0.33803695,-0.2344515,-0.33166167,-0.5553471,0.972597,-0.6891309,-0.67193055,0.8267596,-0.38229918,-0.36934635,-0.7981396,-0.9669382,-0.8828858,0.9225024,-0.98054165,0.44584113,0.63675344,0.6807535,-0.9520352,-0.5445226,-0.35996082,0.9183162,-0.8396137,0.8360794,0.8519508,0.20341986,0.9965969,0.38189006,-0.9401816,0.08157437,-0.65400773,0.366232,0.7815261,0.78364825,-0.86388683,-0.75830364,0.8427392,-0.07586171,0.89464766,-0.51026577,-0.7474262,-0.074697115,-0.6008151,0.16175304,-0.1475871,0.9864431,0.9447609,-0.88482916,-0.50873196,-0.637192,0.60426515,0.9812387,-0.821948,-0.7728174,0.558834,-0.4314387,-0.11602232,-0.21061812,0.9473445,0.5349265,0.92876697,0.05344766,0.2659429,0.78389263,0.90587485,-0.9934382,0.48260245,0.13018538,0.18116172,-0.26989344,-0.5441189,0.80839074,0.12457694,0.56027824,-0.011391043,-0.029390123,-0.92154413,-0.9762313,-0.2299369,0.9487193,-0.6076433,0.9559395,0.55321985,-0.77309775,-0.97754097,-0.32443774,-0.06664375,-0.05362079,-0.58073264,0.06949833,-0.86056346,-0.6472026,0.5977104
cnn_tile_071,-0.04967212,-0.24510767,-0.8451054,-0.46195605,-0.28071198,-0.32593915,-0.34325892,0.9601233,-0.61353177,-0.6031659,0.8796975,-0.41606194,-0.4790453,-0.84997195,-0.9700336,-0.89273304,0.92694587,-0.9820587,0.20497464,0.58568937,0.70946646,-0.9633228,-0.48459125,-0.36583737,0.92749685,-0.85017926,0.85925865,0.84227866,0.09576437,0.9970379,0.39408296,-0.943681,0.05759396,-0.75514007,0.46130085,0.79757464,0.7917083,-0.8528144,-0.82339454,0.8091667,-0.08369246,0.88855624,-0.43079734,-0.6876846,-0.40854988,-0.54892963,0.22148918,0.01327906,0.98255163,0.94909626,-0.8933107,-0.51402086,-0.653983,0.74300194,0.9760264,-0.81091446,-0.7557622,0.58092076,-0.32791463,-0.1292804,-0.08789359,0.94877875,0.58197707,0.9082715,0.27838188,0.14703736,0.761358,0.89891255,-0.99506867,0.3591538,0.19240282,0.14662074,-0.268643,-0.593579,0.77824885,-0.030441009,0.5152313,0.12104333,-0.13929878,-0.9370953,-0.9775092,-0.052479677,0.9475207,-0.54316545,0.9432006,0.6119108,-0.69130605,-0.9807289,-0.29097876,-0.16760086,0.03945555,-0.5451879,0.15702891,-0.87123305,-0.5775863,0.5909975
cnn_tile_072,-0.24629377,-0.33151716,-0.7982111,-0.18019113,-0.22199598,-0.4144369,-0.4424653,0.9674652,-0.70886415,-0.61857593,0.8526141,-0.2794013,-0.3453775,-0.79887736,-0.9593011,-0.8962602,0.930528,-0.9852605,0.37892523,0.63370305,0.6360771,-0.9607011,-0.51809627,-0.44708744,0.90820885,-0.85531753,0.88804364,0.8500527,-0.033996884,0.9964709,0.44584522,-0.9086969,0.2611948,-0.71046996,0.31299818,0.8243096,0.71036357,-0.8692849,-0.8046216,0.8539325,-0.017174454,0.909547,-0.56055206,-0.78295535,-0.29023176,-0.53236216,0.11133431,-0.16170724,0.98815686,0.95225453,-0.8977035,-0.4878004,-0.741494,0.57329404,0.98179024,-0.71652126,-0.69287974,0.6186763,-0.3142273,-0.012910211,-0.13724837,0.9466769,0.5815463,0.9126598,0.06273931,0.23818448,0.7718071,0.9124068,-0.9921474,0.33435646,0.10977545,0.24029197,-0.20221339,-0.54688704,0.806222,0.13024847,0.3916533,0.07433854,0.17654288,-0.91972154,-0.97303396,-0.082042344,0.94292504,-0.5471944,0.9521882,0.55911833,-0.7177525,-0.9753044,-0.35809758,-0.0962403,0.00091546745,-0.58677244,0.15583085,-0.8445355,-0.45362914,0.7340512
cnn_tile_073,-0.05796361,-0.41524187,-0.779533,-0.35111448,-0.17430252,-0.34796557,-0.480783,0.96384406,-0.5487714,-0.5876958,0.83622944,-0.38627928,-0.44779763,-0.8616233,-0.96578175,-0.88892466,0.93602854,-0.9803846,0.19396764,0.65089536,0.7193914,-0.9443494,-0.57306457,-0.39589313,0.92399067,-0.8462199,0.8427558,0.8235117,0.07234447,0.99612373,0.30393124,-0.9474485,0.21073273,-0.7695472,0.50885206,0.7238925,0.7913922,-0.85326564,-0.79522437,0.82528865,-0.0053011426,0.89446795,-0.5105299,-0.6661351,-0.08859809,-0.6258452,0.0535355,-0.032379016,0.9820156,0.9491094,-0.91980225,-0.3169167,-0.6940915,0.62654567,0.9783574,-0.78201336,-0.7200602,0.50042754,-0.53351414,-0.1601574,-0.24060997,0.9448117,0.44216737,0.9013374,0.1769229,0.2168326,0.7776622,0.9102424,-0.9929342,0.37838233,0.30286035,0.29060206,-0.33974728,-0.6811872,0.8098303,0.042169314,0.49015862,0.074130274,-0.10161309,-0.93181175,-0.96860677,0.040018097,0.9480661,-0.56160855,0.95605785,0.5156552,-0.7057074,-0.9818026,-0.3808088,-0.09507982,0.09343456,-0.55970293,0.15805721,-0.8628313,-0.6725237,0.52899003
cnn_tile_074,-0.07079638,-0.4051913,-0.80605984,-0.27490044,-0.15496719,-0.35741243,-0.5282715,0.97006404,-0.68148714,-0.63897973,0.8498908,-0.43455887,-0.40219867,-0.8180647,-0.95615983,-0.8713652,0.9322416,-0.98466617,0.4892426,0.62710905,0.703036,-0.9466736,-0.6018058,-0.40333235,0.8888499,-0.82638013,0.87214506,0.83440524,0.17741697,0.9962223,0.48608392,-0.9292074,-0.0047261016,-0.70307285,0.42983687,0.7520855,0.82753223,-0.8421976,-0.83972555,0.84203774,-0.14889541,0.92636645,-0.43689436,-0.6538118,-0.22524156,-0.60525143,0.25171298,-0.14116909,0.9843039,0.9353891,-0.8932177,-0.3467192,-0.6976396,0.5921073,0.980055,-0.77652514,-0.7309501,0.5423469,-0.48037717,-0.020576129,-0.12692955,0.9402313,0.525871,0.9253108,0.03704311,0.23601831,0.77445865,0.8912674,-0.9934869,0.47974378,0.18358062,0.17897393,-0.20474423,-0.6273589,0.84688246,-0.08493806,0.45467386,0.04923288,0.123293646,-0.91440046,-0.96684295,-0.06731914,0.9559263,-0.59148926,0.9347025,0.6972564,-0.79222053,-0.97304606,-0.4131951,-0.06269794,0.08289651,-0.57059324,0.2828608,-0.8626364,-0.6109082,0.60029525
cnn_tile_075,-0.02391341,-0.3620055,-0.79648954,-0.37971294,-0.21431284,-0.3379324,-0.4604895,0.9669135,-0.56466585,-0.6642514,0.86007273,-0.32362977,-0.35875836,-0.8174668,-0.96767104,-0.89596677,0.9112089,-0.97529054,0.3880618,0.69165146,0.71280915,-0.964332,-0.5539337,-0.41041088,0.9217255,-0.8747031,0.8776063,0.84783924,-0.070431165,0.99632233,0.31230608,-0.93387085,0.17040256,-0.71061724,0.37807167,0.7751457,0.8057681,-0.8624258,-0.84503394,0.8460135,-0.09503178,0.8792714,-0.458622,-0.7142377,-0.2049199,-0.58450985,0.103417404,-0.06504106,0.9876089,0.94908416,-0.8736136,-0.53976685,-0.65882933,0.6116644,0.9760332,-0.8085353,-0.73919827,0.53536224,-0.38253474,-0.2579388,-0.13210349,0.95748055,0.46719626,0.92317057,0.12935783,0.16528659,0.81952137,0.9155448,-0.99372303,0.48545325,0.1315487,0.21987756,-0.26212978,-0.5736137,0.82730526,0.033738397,0.531255,0.14303242,-0.043224707,-0.92425656,-0.9738944,-0.09298251,0.94754934,-0.5464396,0.944666,0.54424924,-0.7381009,-0.9818348,-0.27162877,-0.12416027,-0.015268838,-0.49695423,0.11187203,-0.86386526,-0.5810636,0.64775854
cnn_tile_076,-0.102707356,-0.41986087,-0.8022484,-0.36869204,-0.30760878,-0.43734506,-0.4731576,0.96945715,-0.5571166,-0.6185523,0.8761116,-0.38609192,-0.517612,-0.8623749,-0.96030176,-0.9080236,0.9385196,-0.98218733,0.5185942,0.66219765,0.67210805,-0.95486426,-0.49411592,-0.5911075,0.89671665,-0.8301875,0.86846834,0.823442,0.061983738,0.99679303,0.47030938,-0.9269174,0.17508617,-0.8186949,0.416138,0.74523413,0.8445869,-0.91158384,-0.81486434,0.87622917,-0.10049884,0.8687115,-0.43389904,-0.69985735,-0.29850143,-0.59967464,0.23256367,-0.118855566,0.9850111,0.9361435,-0.8850045,-0.5321794,-0.6280942,0.5693802,0.9739391,-0.75403714,-0.72098774,0.58514565,-0.4679601,-0.16764183,-0.10740042,0.928564,0.5121116,0.91864604,0.17170864,0.32830226,0.78661776,0.8850088,-0.9929061,0.26826823,0.22920457,0.0418321,-0.035566594,-0.6099546,0.8214693,0.10950202,0.36580643,0.0066468185,0.05807626,-0.90223306,-0.96976644,-0.07673802,0.94637465,-0.5505835,0.9453034,0.60230243,-0.73716116,-0.9786961,-0.35044527,-0.07929293,-0.06379705,-0.7298416,0.2925777,-0.8207225,-0.5052952,0.60766
cnn_tile_077,-0.08297927,-0.2814784,-0.8408676,-0.275877,-0.22436984,-0.38550687,-0.4566761,0.9705454,-0.5620576,-0.6416783,0.8829305,-0.3492072,-0.4108765,-0.8829175,-0.9631725,-0.8870189,0.9407401,-0.9750095,0.22779648,0.73073506,0.6842491,-0.9401231,-0.57935,-0.3076027,0.9137799,-0.82111484,0.860176,0.81901515,0.10246506,0.9973154,0.44578972,-0.93944186,0.22435467,-0.75417024,0.3728522,0.7844615,0.75944,-0.82150847,-0.7916615,0.8145461,-0.11939098,0.8917326,-0.40336382,-0.71229345,-0.16420524,-0.5885469,0.18758585,0.056569982,0.98758805,0.9515538,-0.8836879,-0.4585156,-0.7308021,0.5893055,0.983276,-0.7398879,-0.70064485,0.61045074,-0.42439428,0.02320717,-0.11881508,0.94673157,0.5687653,0.91757905,0.3079193,0.12859516,0.7625772,0.89950234,-0.99106,0.48321027,0.04928925,0.26459205,-0.18034275,-0.61621475,0.79783785,0.07613103,0.5166927,0.021646395,-0.01790032,-0.94879645,-0.97389555,0.06544622,0.93736833,-0.6094568,0.9402809,0.54959834,-0.74646294,-0.9740473,-0.24940535,-0.056427453,-0.0047806883,-0.55049694,0.17504196,-0.79251045,-0.58030486,0.55991954
cnn_tile_078,-0.15273203,-0.46354103,-0.8761034,-0.2537386,-0.17522478,-0.33275872,-0.3646987,0.97772837,-0.6633601,-0.62520236,0.8549225,-0.2815366,-0.51036906,-0.8437457,-0.96045065,-0.8587751,0.9264355,-0.98134387,0.38980737,0.59600854,0.7015101,-0.9578252,-0.5935179,-0.44075933,0.921665,-0.8530444,0.87282175,0.85168463,0.14657348,0.9969937,0.41697735,-0.91368693,0.16316724,-0.7067692,0.32754943,0.7483875,0.75292474,-0.8876903,-0.8282351,0.87274784,-0.12712373,0.8800764,-0.5430377,-0.7402078,-0.33018202,-0.61643857,0.33363178,-0.11328791,0.987874,0.9450507,-0.90180075,-0.48431432,-0.7743416,0.5913986,0.98523885,-0.7679103,-0.7636536,0.54137915,-0.34447125,-0.014507233,-0.18680541,0.94538695,0.5171966,0.9265144,0.11592087,0.2775578,0.79207563,0.9093866,-0.993882,0.42288357,0.08994712,0.2071869,-0.21797456,-0.6298361,0.8231086,0.07025592,0.45485002,0.02121449,-0.048263438,-0.9301096,-0.9768407,-0.03792067,0.9471463,-0.49758857,0.9275357,0.55547184,-0.74361706,-0.97554505,-0.31390408,0.009541386,0.040128257,-0.6120925,0.08344147,-0.8169014,-0.5158879,0.61474586
cnn_tile_079,0.03756452,-0.38562196,-0.83423847,-0.38026783,-0.1899937,-0.38543785,-0.39861074,0.9700393,-0.5666479,-0.65477854,0.8242799,-0.41572395,-0.3712083,-0.79919475,-0.9592522,-0.8943108,0.9270207,-0.97765684,0.29253012,0.5963717,0.7139232,-0.94108397,-0.5747655,-0.42282602,0.8964948,-0.8370203,0.882834,0.8658541,-0.039156634,0.9954069,0.3624073,-0.94149286,0.14945008,-0.79516006,0.44929516,0.7684494,0.8082453,-0.86270416,-0.78677386,0.8472683,-0.13974936,0.9317268,-0.38144487,-0.6160857,-0.27312508,-0.64875525,0.1461932,0.0171914,0.9843568,0.9427466,-0.8929338,-0.43729442,-0.6889011,0.6566074,0.97702116,-0.80479646,-0.69774765,0.49248084,-0.36127472,-0.21739838,-0.099833205,0.9395111,0.35708642,0.87744147,0.14579797,0.34719935,0.7381354,0.90703344,-0.99477124,0.49746105,0.15780044,0.09843368,-0.13981408,-0.57927936,0.8551431,-0.118678905,0.5269844,0.18653828,-0.08329064,-0.9334875,-0.97643477,-0.16103564,0.96783143,-0.62899584,0.96328753,0.4827647,-0.68533444,-0.9761137,-0.3339889,-0.11962349,0.13637441,-0.5622277,0.068717785,-0.8539926,-0.69154584,0.5190213
cnn_tile_080,-0.05248865,-0.31387132,-0.83805853,-0.2892911,-0.22415768,-0.32241148,-0.41446167,0.97123295,-0.6519719,-0.6272607,0.8498056,-0.3514857,-0.44622463,-0.8121982,-0.9678799,-0.8875391,0.9273725,-0.97335523,0.29608157,0.7124827,0.68930525,-0.92988485,-0.7122863,-0.470471,0.9086386,-0.8887047,0.82711697,0.8602093,-0.06144901,0.9958466,0.43709278,-0.92514735,0.21471274,-0.68034226,0.37250325,0.7691098,0.7982032,-0.83505493,-0.8253279,0.817584,-0.079081684,0.93199176,-0.40344182,-0.7205128,-0.12562107,-0.5763297,0.14172746,0.02423305,0.9840347,0.9505809,-0.87382543,-0.43572652,-0.7227319,0.5618094,0.9826628,-0.79499006,-0.75565207,0.6978483,-0.48177886,-0.014868274,-0.085946396,0.93501806,0.59767735,0.9083274,0.19827008,0.2317681,0.74751043,0.90032625,-0.9935001,0.3910807,0.22282828,0.2350538,-0.20557314,-0.6453547,0.828831,0.019073848,0.41987446,0.11992811,0.019344784,-0.90471125,-0.9750556,0.015819034,0.95203686,-0.5404074,0.94660544,0.5897326,-0.7336937,-0.97017926,-0.40347147,-0.12115328,0.036055535,-0.5793617,0.24238954,-0.75373447,-0.5237745,0.6206408
cnn_tile_081,-0.023791488,-0.39971182,-0.814212,-0.34665808,-0.23359513,-0.3325266,-0.51126873,0.9733954,-0.607588,-0.60127056,0.8608943,-0.3663884,-0.3878913,-0.8277252,-0.9711396,-0.904716,0.9153757,-0.98206425,0.33696187,0.6466964,0.66259587,-0.9560271,-0.5511014,-0.48115245,0.92434156,-0.85106295,0.85137075,0.84064305,-0.034941174,0.9966984,0.378913,-0.9169224,0.26721346,-0.7118857,0.35213813,0.82408756,0.77571106,-0.87255734,-0.8191787,0.869251,-0.075035445,0.89232975,-0.5237913,-0.73404396,-0.1264567,-0.6258498,0.20304108,-0.06859082,0.98971236,0.9501561,-0.8906194,-0.55257344,-0.74814487,0.60627943,0.98000044,-0.78610456,-0.77045083,0.642155,-0.38798115,-0.060504504,-0.2059194,0.9505306,0.6374837,0.92498016,0.15783684,0.3103897,0.7778633,0.91146594,-0.991409,0.39707443,0.07289465,0.23184605,-0.28994167,-0.5314517,0.8120233,0.15222722,0.49265456,-0.12384635,-0.046398494,-0.9238794,-0.97543037,-0.17395325,0.95386696,-0.55162334,0.96066093,0.62293196,-0.7452262,-0.9791224,-0.3059316,-0.100714594,-0.07548125,-0.63686204,0.19588009,-0.8277924,-0.55209833,0.6044055
cnn_tile_082,-0.0650274,-0.39857683,-0.8578236,-0.27716053,-0.2228152,-0.45306242,-0.4370182,0.9611047,-0.60576636,-0.62117416,0.8574623,-0.47234374,-0.39592576,-0.8435893,-0.9627048,-0.9039005,0.93609864,-0.97625893,0.42367432,0.62300885,0.7170163,-0.9335008,-0.53904295,-0.3913347,0.91822433,-0.87727845,0.85795176,0.8074056,0.15818582,0.9959003,0.38323054,-0.92207813,0.21638365,-0.76608866,0.4482413,0.7652374,0.7810841,-0.85201,-0.7915174,0.82409155,-0.062943846,0.9050494,-0.5484764,-0.68475664,-0.18817653,-0.6396163,0.15611608,-0.16649747,0.98693323,0.93412375,-0.8778194,-0.4436195,-0.7468807,0.5390087,0.9796649,-0.7854632,-0.7418842,0.5000211,-0.442042,-0.0078474125,-0.116745755,0.9468834,0.5712032,0.9083273,0.06808046,0.34107804,0.747896,0.8814535,-0.99280024,0.40432012,0.015035948,0.1660042,-0.062102538,-0.5091932,0.79974383,-0.024315227,0.5004338,0.058836896,0.11469866,-0.91367906,-0.97441924,-0.14677066,0.9604781,-0.6103083,0.9494373,0.57745814,-0.7604353,-0.97721237,-0.34132048,-0.066820845,-0.045809835,-0.49203312,0.13003215,-0.8131549,-0.6230075,0.54981124
cnn_tile_083,0.114611894,-0.4408617,-0.7836561,-0.30611548,-0.18644363,-0.43520647,-0.5029965,0.97350067,-0.53266954,-0.52441746,0.8824151,-0.3786069,-0.37817836,-0.85712343,-0.9540825,-0.86864084,0.93594426,-0.9799557,0.29417804,0.6453453,0.7137696,-0.95755893,-0.55185544,-0.4622347,0.8987236,-0.8041564,0.895569,0.83466053,0.10661992,0.99530727,0.3014202,-0.9391984,0.14868194,-0.79469556,0.48640567,0.714325,0.77965176,-0.89889246,-0.763386,0.8099489,-0.16400176,0.88785297,-0.3205815,-0.67404836,-0.2800338,-0.57390743,0.2159646,0.023881543,0.98827934,0.94429076,-0.88707304,-0.38565218,-0.6735848,0.56054413,0.98184687,-0.7786866,-0.6687693,0.65271646,-0.3289951,0.065127894,-0.14169621,0.93593085,0.519077,0.90455997,0.031159444,0.19611476,0.7318115,0.89072245,-0.9923439,0.42640743,0.26706374,0.15006778,-0.19898084,-0.5947363,0.85666066,0.07461939,0.45575213,0.029228749,-0.124705255,-0.9304753,-0.9588553,-0.3369705,0.9587383,-0.5733358,0.93929476,0.6729914,-0.75987357,-0.98379314,-0.3854696,0.0030847094,0.123597026,-0.5866384,0.12411703,-0.8391084,-0.5533858,0.5214049
cnn_tile_084,0.09917779,-0.40374067,-0.83717984,-0.2637648,-0.28253174,-0.33869877,-0.4478452,0.9751625,-0.63714194,-0.62815386,0.8643008,-0.35891128,-0.35505822,-0.79895806,-0.9682304,-0.87243086,0.91157013,-0.9767809,0.33931443,0.5276882,0.6386812,-0.9549462,-0.59286684,-0.31289896,0.91877604,-0.8212093,0.8632909,0.8410024,0.016251624,0.99667305,0.325494,-0.92401755,0.20754084,-0.71414524,0.3666111,0.7963298,0.7808492,-0.8553376,-0.8260324,0.8684209,-0.16575429,0.90107024,-0.46577993,-0.7249584,-0.33733636,-0.5769644,0.14695807,-0.05964792,0.9841889,0.9612847,-0.89542407,-0.5811862,-0.7252515,0.6266718,0.97810996,-0.7930625,-0.78635806,0.54064655,-0.31316835,-0.21077843,-0.12923113,0.9353806,0.5767491,0.90852326,0.17190084,0.28416166,0.79876035,0.9085016,-0.9927325,0.5076295,0.035949964,0.18154559,-0.28445694,-0.5753848,0.85378355,0.07589627,0.43870622,0.107424915,-0.037972074,-0.930265,-0.97914857,-0.08312558,0.9647047,-0.4993953,0.947017,0.5737515,-0.7373972,-0.97308916,-0.29025242,-0.02969813,0.10988809,-0.52981323,0.017393332,-0.82128865,-0.62298906,0.58240503
cnn_tile_085,-0.028500587,-0.312516,-0.8436178,-0.23048423,-0.29531235,-0.3916804,-0.46594766,0.97452176,-0.5861862,-0.6244036,0.87056077,-0.35855222,-0.4572144,-0.8760294,-0.96309173,-0.8841409,0.92684805,-0.97406816,0.2188778,0.5714327,0.72567344,-0.95262754,-0.59888834,-0.48069805,0.91204524,-0.88444257,0.8514159,0.83593255,0.022104478,0.9967668,0.38044766,-0.92570746,0.115524575,-0.7599874,0.35511032,0.7662753,0.7706091,-0.8808366,-0.77206635,0.85112983,-0.012721508,0.8789509,-0.45523074,-0.7136474,-0.24709411,-0.64055276,0.22289905,-0.020394322,0.9867998,0.9457532,-0.8616801,-0.483979,-0.6658807,0.59683913,0.98432845,-0.7777927,-0.76668817,0.5650407,-0.34012327,-0.08587921,-0.099227734,0.93908834,0.5003462,0.9137243,0.101629466,0.3524162,0.7623015,0.90267867,-0.99418014,0.37973842,0.09662572,0.06201188,-0.22145021,-0.56148547,0.81047785,0.12518914,0.49979353,0.20106976,-0.012535988,-0.915329,-0.9692162,-0.10319029,0.9505809,-0.5918036,0.9465537,0.5709858,-0.7506804,-0.9798585,-0.23637354,-0.17299283,0.11776752,-0.48122293,0.096345104,-0.8366008,-0.5968024,0.6533274
cnn_tile_086,-0.19997315,-0.44475713,-0.8251605,-0.33873644,-0.22037059,-0.3734159,-0.4886365,0.9664498,-0.61606836,-0.521834,0.83416724,-0.43649632,-0.28895813,-0.8076578,-0.9686574,-0.8826996,0.9095153,-0.9804629,0.31081748,0.6953455,0.6492541,-0.9508573,-0.6157542,-0.3813132,0.92065537,-0.8537753,0.82668835,0.8526275,-0.13710698,0.995749,0.37717226,-0.9130941,0.28037095,-0.6465471,0.48027465,0.80690694,0.75170565,-0.8333372,-0.850025,0.860452,-0.054239284,0.9202231,-0.61981076,-0.7004603,-0.28576896,-0.52347606,0.19691211,-0.18350288,0.98436964,0.95466936,-0.9163858,-0.49321315,-0.7281332,0.58131343,0.9811044,-0.7675446,-0.7508629,0.49129975,-0.32817817,-0.22914761,-0.086828664,0.94664997,0.6060532,0.8872301,0.13796978,0.26523754,0.7787647,0.9104336,-0.99222404,0.29976836,-0.0001981724,0.421295,-0.10352897,-0.5591667,0.79317665,0.19194023,0.34571534,-0.026004648,0.15976629,-0.9269843,-0.9651567,0.1307842,0.9593408,-0.52374434,0.94680166,0.6036999,-0.6906448,-0.9690604,-0.3879709,-0.07953808,-0.040346064,-0.6168778,0.06833139,-0.8364386,-0.48856878,0.6970905
cnn_tile_087,0.043259412,-0.40001786,-0.82966274,-0.23527466,-0.19095407,-0.40120712,-0.38932237,0.9740957,-0.63055104,-0.5783742,0.86924183,-0.3628857,-0.39353627,-0.80289775,-0.965931,-0.905367,0.9307317,-0.98036873,0.35724205,0.55676055,0.71021605,-0.9589583,-0.5932862,-0.40992555,0.9039389,-0.8576356,0.86544555,0.8343079,-0.0128264325,0.9963553,0.313491,-0.911367,0.20162973,-0.75501573,0.35303757,0.7947561,0.79265845,-0.8562281,-0.86225605,0.8725984,-0.036923066,0.91025513,-0.45507938,-0.7377581,-0.32409865,-0.57849866,0.16025326,0.036593646,0.9874834,0.9538455,-0.9110121,-0.4906062,-0.7215752,0.548217,0.973811,-0.82553464,-0.7686191,0.513975,-0.46660572,-0.29684138,-0.20672041,0.95612985,0.5676597,0.9319674,0.15453228,0.2759489,0.81089133,0.9126139,-0.99320537,0.34396216,0.15977204,0.22222038,-0.3292665,-0.59472483,0.8669956,-0.004729459,0.44300956,0.031930838,0.029790264,-0.93203145,-0.97489715,-0.08222934,0.9633104,-0.5456524,0.9440679,0.57814044,-0.7424388,-0.98138964,-0.40586206,-0.039598744,0.2656336,-0.52271503,0.11579565,-0.8606193,-0.5556433,0.61059904
cnn_tile_088,0.16958895,-0.36505705,-0.8166357,-0.40354547,-0.18221045,-0.3687005,-0.5317928,0.9713488,-0.623152,-0.64434457,0.8818664,-0.40718177,-0.43105578,-0.8507131,-0.969985,-0.9046301,0.9165498,-0.971874,0.40942767,0.6633205,0.73661673,-0.949206,-0.43885264,-0.43157867,0.9208697,-0.8740762,0.8594279,0.8681694,0.1054387,0.9963885,0.43271574,-0.90803117,0.20904785,-0.7536202,0.26516122,0.7663194,0.79120034,-0.8478745,-0.7960998,0.8612536,-0.015943188,0.8623841,-0.51361066,-0.7088316,-0.16292025,-0.5492717,0.09629493,0.02730479,0.985542,0.95309913,-0.8892037,-0.5306027,-0.72073793,0.61317843,0.97780436,-0.79531157,-0.75885504,0.5537307,-0.43339074,-0.0700621,-0.18706916,0.938898,0.5971072,0.8969258,0.19721547,0.33192825,0.8022591,0.9147548,-0.99222857,0.4729016,-0.0010080204,0.28017586,-0.22346917,-0.5370487,0.790887,0.1125397,0.50195414,-0.11549557,-0.112393,-0.93370867,-0.9742994,-0.18843058,0.94562036,-0.63160735,0.9533805,0.62078327,-0.75647503,-0.97731143,-0.2579584,-0.03362825,-0.022289041,-0.5549188,0.12169612,-0.81723565,-0.5464933,0.6693559
cnn_tile_089,0.05505427,-0.32851762,-0.7929788,-0.27898097,-0.26923472,-0.42327794,-0.46419626,0.97071606,-0.6037478,-0.61939114,0.89362603,-0.40700653,-0.40806428,-0.80462253,-0.9662395,-0.8857999,0.9350385,-0.97758126,0.29289284,0.6500644,0.71905434,-0.9427405,-0.46796972,-0.5054971,0.91536504,-0.82310736,0.86930346,0.8287673,0.020130588,0.9970868,0.40456387,-0.93840426,0.27109522,-0.8086306,0.3878243,0.8607154,0.80344445,-0.8536844,-0.82025313,0.8734024,-0.1031144,0.86197144,-0.3798353,-0.68879914,-0.18127482,-0.59574586,0.16505179,-0.01654036,0.98564255,0.94010496,-0.8934979,-0.43572637,-0.6004265,0.5835161,0.98071676,-0.8197273,-0.70926857,0.6215273,-0.36882555,-0.084776096,-0.12777409,0.9394291,0.47883907,0.923594,0.19434214,0.2128721,0.8164117,0.915196,-0.99266195,0.46146747,0.18925273,0.26471326,-0.26353315,-0.51820767,0.8593915,0.065734714,0.45588565,0.0070439456,-0.22428587,-0.9427174,-0.9747815,-0.123792775,0.9529211,-0.49284858,0.96186936,0.5650239,-0.7306558,-0.9814796,-0.31671834,-0.14390235,-0.0022357367,-0.59611404,-0.016411902,-0.8435,-0.62832075,0.51994514
cnn_tile_090,0.058666773,-0.38228968,-0.8462935,-0.3673242,-0.23130658,-0.42550564,-0.35980013,0.9704145,-0.5732479,-0.6386346,0.84536946,-0.41210994,-0.3798153,-0.8518568,-0.96523494,-0.90731984,0.93136746,-0.97298056,0.376436,0.7142407,0.657331,-0.9483724,-0.53980434,-0.40939182,0.91380715,-0.84911305,0.81681293,0.87590927,0.05458445,0.9952711,0.42571762,-0.9293473,0.2335534,-0.7422613,0.41544604,0.73144025,0.7814236,-0.8542902,-0.7947433,0.86803806,-0.15803652,0.9044934,-0.59174204,-0.6454544,-0.19228208,-0.7099173,0.036596168,-0.04220859,0.9879936,0.93922895,-0.9018959,-0.42203274,-0.7145256,0.5322699,0.9724163,-0.7521943,-0.70911324,0.52801,-0.33888978,-0.054776523,-0.11109088,0.95208436,0.53360516,0.899993,0.29429835,0.4083173,0.7707541,0.8698088,-0.99345535,0.4363206,0.15754907,0.2889096,-0.084802136,-0.61732644,0.7956,0.09742186,0.5079633,0.014172112,0.06059212,-0.9185716,-0.9728579,-0.062251873,0.95077366,-0.6194699,0.9583446,0.54688895,-0.7807649,-0.97830236,-0.24252559,-0.097854674,-0.058084063,-0.58801293,0.25410494,-0.8555163,-0.5908239,0.603414
cnn_tile_091,0.083103865,-0.4409719,-0.80880463,-0.32236573,-0.2711564,-0.3716785,-0.45156002,0.9652775,-0.5385724,-0.62563074,0.8646104,-0.4927953,-0.36445162,-0.845678,-0.97329295,-0.8951716,0.93597937,-0.97005683,0.37526596,0.62130743,0.7040795,-0.9490298,-0.5638068,-0.42673394,0.9238437,-0.8625004,0.86390686,0.8608143,0.011844334,0.9931455,0.36570975,-0.92325824,0.287631,-0.7011194,0.43189782,0.8157,0.7806064,-0.8644046,-0.8528507,0.82817733,-0.12061157,0.92160356,-0.38137394,-0.6854528,-0.16241214,-0.59078014,0.23637037,-0.052128088,0.98701817,0.94502646,-0.8873327,-0.63460016,-0.6747418,0.5912949,0.9778817,-0.82558775,-0.75900954,0.61846703,-0.33159778,-0.19932486,-0.039138358,0.95596045,0.6794822,0.92052126,0.15333338,0.35924196,0.7786962,0.8619527,-0.99291575,0.43845892,-0.10972784,0.40139726,-0.21711078,-0.58672094,0.7902085,0.25260082,0.5308351,-0.056864943,-0.049682867,-0.9256401,-0.96262103,-0.010748573,0.96058464,-0.60912806,0.9609984,0.6092754,-0.73752254,-0.98206234,-0.12255138,-0.14859582,0.014657281,-0.6437862,0.10274192,-0.8547419,-0.5943584,0.5608585
cnn_tile_092,-0.030377474,-0.31111777,-0.83199704,-0.2914229,-0.24038014,-0.35120127,-0.5429491,0.9739899,-0.64529896,-0.6266133,0.86823577,-0.37150893,-0.4003157,-0.8120978,-0.97277784,-0.90205526,0.92738026,-0.9692101,0.31447592,0.68640506,0.70100325,-0.9432148,-0.5130436,-0.40643036,0.91504127,-0.9017946,0.8379285,0.85641104,0.02992567,0.99466175,0.32227388,-0.92599577,0.15458009,-0.7510696,0.40360346,0.79739124,0.7939204,-0.86059946,-0.8013415,0.8372947,0.009490503,0.90538555,-0.34310293,-0.67142683,-0.23891221,-0.51985097,0.22201423,-0.06077956,0.9842561,0.9398888,-0.8746296,-0.47991204,-0.65803313,0.6331839,0.9808735,-0.8533177,-0.74170506,0.666621,-0.40314633,-0.08517129,-0.13602293,0.9368834,0.59299165,0.9364378,0.043595307,0.24353336,0.77485377,0.8968721,-0.9941401,0.43420947,0.04599801,0.3104124,-0.24199936,-0.50552255,0.7974944,0.09124135,0.46515745,0.05991645,-0.11478196,-0.9195783,-0.9754751,-0.16783749,0.95957893,-0.46523175,0.9313166,0.55367327,-0.7447773,-0.9722429,-0.3410151,-0.066120826,0.040197153,-0.66269463,0.12997645,-0.7965546,-0.6382447,0.53696513
cnn_tile_093,-0.09402363,-0.50522906,-0.78735435,-0.2882741,-0.30485627,-0.2481317,-0.48324603,0.9668568,-0.6552213,-0.6417718,0.8621948,-0.45760262,-0.42471075,-0.8288221,-0.94437367,-0.8936401,0.9232714,-0.9803709,0.40900204,0.70742047,0.60663,-0.944492,-0.5004033,-0.4770821,0.93181413,-0.8442324,0.88523203,0.8383717,-0.07166302,0.9953564,0.3528478,-0.9141433,0.23922847,-0.7626657,0.32459104,0.761405,0.78999686,-0.8648872,-0.7754308,0.838513,-0.11471699,0.90495455,-0.50807863,-0.66559243,-0.19729616,-0.6597114,0.1801573,-0.15518329,0.98757875,0.9552631,-0.9112218,-0.41822144,-0.70860803,0.61244744,0.98411024,-0.7081724,-0.67518437,0.61942965,-0.40483052,0.03794932,-0.08813639,0.9357009,0.48998553,0.8881917,0.14825553,0.20997612,0.7729154,0.9177531,-0.9896678,0.40669823,0.07520741,0.19551359,-0.046858095,-0.6490295,0.80331624,0.16190489,0.41521573,-0.1236017,-0.08109078,-0.9444606,-0.9584236,-0.2047451,0.9379574,-0.46754023,0.9503559,0.6215146,-0.70539486,-0.97731626,-0.36226627,-0.041578848,-0.23861738,-0.68231755,-0.05845901,-0.8329037,-0.54983366,0.5682525
cnn_tile_094,-0.078203596,-0.33896315,-0.74684256,-0.27958426,-0.26639202,-0.424062,-0.48493785,0.9720404,-0.5721685,-0.597568,0.84344697,-0.34838474,-0.3767562,-0.8174226,-0.96138465,-0.9001238,0.9262103,-0.972579,0.29604232,0.73157674,0.69885296,-0.94867474,-0.6150382,-0.4617923,0.91458875,-0.867411,0.8499221,0.82209724,0.050132465,0.9960778,0.29887298,-0.9162817,0.078870244,-0.7477755,0.37219378,0.77436703,0.82231927,-0.8303015,-0.8320331,0.81081694,-0.009818223,0.9144456,-0.4285395,-0.70840377,-0.2527154,-0.60818195,0.2427572,-0.14838803,0.98220146,0.95006263,-0.8791397,-0.49694622,-0.7552833,0.5169442,0.9782161,-0.76120746,-0.7265314,0.5231326,-0.46418864,-0.2480923,-0.09675146,0.94214696,0.52619344,0.90317285,0.17848048,0.1972006,0.7724387,0.91176265,-0.99205667,0.29800594,0.11479207,0.39854157,-0.17471278,-0.61658263,0.7823261,0.057257626,0.30528495,0.0868672,0.19723089,-0.929107,-0.96079326,0.1284133,0.94604665,-0.5857721,0.91481555,0.61053765,-0.69557524,-0.9735747,-0.3420008,-0.13348797,-0.03133493,-0.49149522,0.12380005,-0.75488055,-0.56461686,0.6398144
cnn_tile_095,0.026608927,-0.32342497,-0.82018334,-0.21769232,-0.105317794,-0.33191532,-0.5483482,0.9702561,-0.6388388,-0.6317383,0.81950027,-0.35805172,-0.3591392,-0.8113629,-0.9708307,-0.8659556,0.91939163,-0.97509766,0.32616282,0.68343043,0.6985842,-0.9262567,-0.6046254,-0.3790022,0.9278964,-0.86858875,0.81667155,0.86372286,0.007612573,0.9957597,0.3393802,-0.92535156,0.117475614,-0.6331513,0.38066262,0.79755294,0.7926919,-0.8364957,-0.8272435,0.84614563,-0.05824431,0.9217512,-0.50828415,-0.66153586,-0.17783894,-0.5862119,0.256464,-0.0966779,0.9865388,0.9492555,-0.88542044,-0.469495,-0.73269606,0.57956916,0.9795324,-0.7961986,-0.76182413,0.5938286,-0.29977128,-0.08312284,-0.1682155,0.9452751,0.537241,0.9086916,0.1499646,0.310065,0.75676346,0.90177447,-0.99393,0.37234187,0.15621318,0.275596,-0.15176141,-0.64064926,0.8030963,0.08643401,0.47966948,0.03974529,-0.007127999,-0.9300766,-0.9736001,-0.024194287,0.9485085,-0.6162129,0.9387275,0.5434749,-0.7343968,-0.97328544,-0.3732563,-0.16508085,-0.101166,-0.6142185,0.24784781,-0.7849836,-0.5136177,0.649827
cnn_tile_096,0.00026791915,-0.34878033,-0.7905191,-0.3354255,-0.20048651,-0.36101565,-0.4337251,0.97160876,-0.56077653,-0.6063557,0.8714187,-0.38187,-0.41162074,-0.84092987,-0.96524495,-0.89612097,0.9157856,-0.97600514,0.29356268,0.6280565,0.72617704,-0.95860386,-0.60309064,-0.391042,0.90413845,-0.8514427,0.8854175,0.864519,0.037667714,0.9964873,0.3608854,-0.9096201,0.17612123,-0.76927525,0.25418603,0.7767391,0.77216375,-0.865821,-0.82522446,0.86245555,-0.09484819,0.8716841,-0.4079894,-0.7139962,-0.21967897,-0.54537046,0.25679457,0.002492393,0.98802215,0.9568358,-0.903735,-0.5429841,-0.6999982,0.61610365,0.9783611,-0.8046583,-0.73452103,0.6145247,-0.37216386,-0.19536266,-0.12516637,0.9483306,0.50214577,0.9181715,0.13608803,0.25417772,0.83341825,0.9103361,-0.9925499,0.39591283,0.13962261,0.25121439,-0.30836958,-0.5646006,0.81823206,0.06329351,0.48508024,0.094571635,0.026135154,-0.91900444,-0.97594166,0.009817188,0.9540943,-0.5639663,0.9549194,0.59532315,-0.7313005,-0.98299646,-0.21892156,-0.13287759,0.107205555,-0.44557148,0.11879795,-0.8379946,-0.51096565,0.65415883
cnn_tile_097,-0.024077626,-0.3658656,-0.80676585,-0.32668182,-0.229349,-0.41208458,-0.55776054,0.969721,-0.56510305,-0.6189389,0.8682764,-0.47508058,-0.34623814,-0.81029063,-0.9710262,-0.8684896,0.918849,-0.9758471,0.39279383,0.7201793,0.6619329,-0.9571295,-0.5322054,-0.47082424,0.9173366,-0.81760776,0.8641776,0.84127086,0.17074913,0.9964515,0.5038678,-0.9362862,0.2782719,-0.7162081,0.33027187,0.81885684,0.7680445,-0.83466685,-0.82537854,0.8614314,-0.16712219,0.8904456,-0.44146144,-0.6769635,-0.058748227,-0.48613852,0.14419122,0.059716713,0.98777735,0.95964164,-0.8987019,-0.506825,-0.6484398,0.664673,0.98169804,-0.8091321,-0.79358643,0.66194284,-0.38980803,-0.040149443,-0.104779646,0.94687283,0.6525422,0.8998442,0.08255547,0.28450373,0.78519547,0.89668393,-0.9932128,0.4535492,0.08892364,0.3658701,-0.16105537,-0.5576587,0.76678795,0.19966756,0.3891583,-0.027676992,0.037056703,-0.9189412,-0.9646201,-0.03305974,0.96126187,-0.5614841,0.9551474,0.69284064,-0.7532514,-0.9734236,-0.2593581,-0.14874955,-0.043011695,-0.5230311,0.23166855,-0.8299027,-0.5734093,0.6281516
cnn_tile_098,0.12744424,-0.39795753,-0.8460758,-0.24159023,-0.18715094,-0.38905972,-0.5109568,0.96967256,-0.5963142,-0.62783074,0.8586643,-0.34994352,-0.41941628,-0.80609703,-0.97118634,-0.88890636,0.91493666,-0.9697489,0.29621756,0.6866782,0.67849666,-0.94260544,-0.48631957,-0.36911532,0.9204682,-0.90559757,0.82647353,0.8447108,-0.000106967986,0.9940917,0.29103616,-0.91279995,0.22070202,-0.7153265,0.40139747,0.7792239,0.7578591,-0.87170255,-0.7229374,0.84859216,0.02965954,0.8759252,-0.49175736,-0.69226736,-0.2067242,-0.64243394,0.06302292,-0.07757222,0.9832977,0.94949335,-0.8912191,-0.34795648,-0.6671582,0.62150276,0.98423743,-0.7811492,-0.7241711,0.56373024,-0.2779571,-0.077013165,-0.21973982,0.9377725,0.5977967,0.90104157,-0.022010958,0.32138765,0.78585154,0.9076769,-0.9930637,0.5096253,-0.015990147,0.2904135,-0.102605805,-0.62508076,0.7349871,0.07262072,0.47915277,0.16025181,0.016312858,-0.9081835,-0.9704673,-0.07503687,0.9583615,-0.42153054,0.95100915,0.5977787,-0.7985514,-0.9718359,-0.2706403,-0.07663135,-0.098496184,-0.65735716,0.019418748,-0.8163277,-0.6355868,0.6503848
cnn_tile_099,-0.042695526,-0.42642283,-0.82773507,-0.4080168,-0.2275954,-0.45754528,-0.4906641,0.97463447,-0.622387,-0.6534906,0.85564184,-0.39053932,-0.49032447,-0.8467911,-0.9668431,-0.8872701,0.9156414,-0.9811503,0.3151514,0.62004864,0.73626715,-0.9520081,-0.6020973,-0.4088118,0.9149756,-0.86291206,0.84356606,0.87934864,0.14366901,0.9963751,0.45468354,-0.9283324,0.2584233,-0.73829305,0.40895855,0.79000646,0.7807057,-0.85212773,-0.7948213,0.8326377,0.014348834,0.9061967,-0.4350621,-0.7043618,-0.23233148,-0.5996049,0.13592131,-0.009653492,0.9867456,0.9619618,-0.90287167,-0.44256315,-0.70023066,0.57708645,0.97913516,-0.8153056,-0.7735743,0.50586694,-0.4183619,-0.002925641,-0.21463954,0.9327571,0.6378276,0.9158049,0.07838707,0.35374522,0.7200511,0.88885486,-0.9946424,0.47321033,0.13631368,0.21996768,-0.23236877,-0.56087554,0.8241659,0.16014081,0.47235835,-0.011155187,-0.05747687,-0.9194569,-0.9711673,-0.06564545,0.9599363,-0.6554057,0.9520513,0.56673986,-0.70548666,-0.97647876,-0.28575668,-0.12648594,0.05042305,-0.45416406,0.2007079,-0.82252854,-0.5977856,0.5856371
cnn_tile_100,0.04979582,-0.359855,-0.8400132,-0.34343302,-0.27357313,-0.2932482,-0.3649169,0.9784436,-0.6434628,-0.60698295,0.8281138,-0.37268695,-0.3832037,-0.82826006,-0.96956605,-0.88877535,0.93820536,-0.97657984,0.29141074,0.5896818,0.6594521,-0.94898736,-0.6171164,-0.40444577,0.9141394,-0.8232556,0.87149477,0.84649897,-0.103796124,0.9955837,0.35856897,-0.9448506,0.07982525,-0.70071065,0.4179922,0.7949192,0.7603437,-0.84537023,-0.820446,0.8177506,-0.15139043,0.94953513,-0.4266988,-0.71867603,-0.25920227,-0.5517942,0.17557955,0.0015553,0.9877596,0.95464236,-0.9150273,-0.52047855,-0.7115185,0.6257917,0.979691,-0.78817254,-0.742993,0.64497,-0.2964392,-0.055525083,-0.051796123,0.94298035,0.5729693,0.9133022,0.19124867,0.33686644,0.7780518,0.87847185,-0.9938584,0.30673537,0.057393845,0.2717961,-0.33830258,-0.7240455,0.85091376,0.12875429,0.42331755,0.036439743,0.17712277,-0.9389652,-0.96477336,-0.014713731,0.9618716,-0.6668097,0.9379525,0.617876,-0.7055556,-0.9803613,-0.3554116,-0.08259595,0.113318145,-0.61708355,0.16571599,-0.84205484,-0.5513415,0.49290183
cnn_tile_101,-0.019480573,-0.37983087,-0.8091863,-0.31340688,-0.2499165,-0.36834762,-0.40538338,0.9703554,-0.7030927,-0.6698711,0.8759846,-0.2605469,-0.32589957,-0.80564797,-0.9632341,-0.85327953,0.9239467,-0.9722738,0.295547,0.6667955,0.7128997,-0.94613504,-0.59773684,-0.40053132,0.92553043,-0.8336467,0.8548265,0.85466653,0.086153746,0.9964385,0.34477526,-0.92810595,0.07182331,-0.74131775,0.21934053,0.80620295,0.81030554,-0.8339198,-0.8056014,0.8532733,-0.15062596,0.8833196,-0.49918273,-0.7065783,-0.24862652,-0.60577863,0.09657056,-0.032526467,0.9856163,0.95530546,-0.90154475,-0.46039864,-0.6819573,0.6259082,0.9765256,-0.79030573,-0.76193357,0.55893177,-0.4162332,-0.14399865,-0.183923,0.948997,0.48927012,0.9180239,0.18752737,0.25634792,0.80153435,0.91552347,-0.9921789,0.4950618,0.24936338,0.36471176,-0.35097817,-0.5745964,0.82271844,0.03484279,0.5118904,0.020899963,-0.0398951,-0.9280394,-0.9766795,-0.10400725,0.9471714,-0.50134647,0.9477874,0.629694,-0.7448667,-0.975016,-0.3982521,-0.14179334,0.076209344,-0.47970185,0.0997086,-0.82098484,-0.59236926,0.6456165
cnn_tile_102,-0.09425472,-0.34551737,-0.8510068,-0.2540763,-0.2603097,-0.43986636,-0.43095198,0.9774325,-0.6293016,-0.6444428,0.865379,-0.29922786,-0.41911462,-0.82174003,-0.9619449,-0.91040874,0.93695563,-0.9745529,0.4520046,0.67930436,0.6532516,-0.94739604,-0.48822144,-0.4132011,0.8982417,-0.8888436,0.82843304,0.8623502,0.06008157,0.9966609,0.45137808,-0.9259296,0.10420737,-0.7427737,0.4069533,0.73528737,0.7735958,-0.8430278,-0.8113111,0.8452994,-0.047900766,0.89931697,-0.5700028,-0.7078281,-0.2201573,-0.631768,0.11879441,-0.054933008,0.98364705,0.9455756,-0.9079811,-0.4087331,-0.73064786,0.5263453,0.97518057,-0.7573395,-0.72228616,0.5616691,-0.40269163,-0.01772218,-0.15368581,0.9541839,0.60438794,0.9220102,0.23480539,0.26328796,0.7713722,0.89759076,-0.99307984,0.48291457,0.17075726,0.2670201,-0.122934684,-0.6169157,0.78504354,0.12614754,0.45182267,0.03277019,0.069076635,-0.91624695,-0.9769984,-0.0013467214,0.94512486,-0.5797673,0.94075954,0.62375283,-0.7667902,-0.9748963,-0.31783527,-0.016973535,0.08633424,-0.6512417,0.21154799,-0.80973756,-0.6124895,0.62745106
cnn_tile_103,0.029410325,-0.41859782,-0.7957133,-0.39350936,-0.2308207,-0.3680257,-0.49432194,0.97525287,-0.6100592,-0.58128107,0.87795895,-0.41549662,-0.4648798,-0.89035344,-0.96231216,-0.88979053,0.93338025,-0.9800377,0.2757128,0.6572013,0.7592072,-0.95278573,-0.56403,-0.42337057,0.9156494,-0.8377274,0.85902375,0.86335814,0.21044043,0.9962535,0.3715951,-0.9282658,0.15804581,-0.77891797,0.33725053,0.79216814,0.7970407,-0.8664866,-0.8022935,0.8453672,0.052924972,0.87455475,-0.46793845,-0.68406093,-0.19998184,-0.6421732,0.088110685,-0.033213954,0.9856154,0.95495373,-0.915537,-0.3840876,-0.63563293,0.6729393,0.98260134,-0.8057963,-0.7122154,0.5850188,-0.44514284,-0.1583611,-0.19928381,0.94231117,0.48119637,0.91536945,0.076953955,0.3879806,0.7974101,0.8977515,-0.9938549,0.38687792,0.19502494,0.30478603,-0.3114255,-0.71259004,0.75916684,0.14145361,0.40430975,0.068374164,0.013865693,-0.9048159,-0.96965224,0.15361764,0.94238174,-0.54544514,0.95268714,0.6071873,-0.6971559,-0.9808096,-0.32512793,-0.13248052,0.1450412,-0.50634897,0.25814837,-0.8692219,-0.5196788,0.6162919
cnn_tile_104,-0.08936248,-0.43522808,-0.7274859,-0.32269162,-0.20665368,-0.3576955,-0.48321685,0.964814,-0.60887784,-0.61364925,0.86694545,-0.46709308,-0.320686,-0.7722014,-0.9696232,-0.8827763,0.8870964,-0.9807488,0.32251987,0.6778165,0.63970876,-0.9610732,-0.6214679,-0.53041935,0.9037168,-0.8232724,0.87270874,0.8765877,0.1133102,0.99544406,0.41907904,-0.92752355,0.09897965,-0.711526,0.42267498,0.82534784,0.8015375,-0.8794792,-0.8520863,0.8403291,-0.10758121,0.90858096,-0.47576886,-0.715033,-0.09364355,-0.5409728,0.3299729,0.009544864,0.9892248,0.94541395,-0.8830539,-0.5721098,-0.673164,0.5766345,0.9725059,-0.85604584,-0.8268504,0.5804121,-0.41879508,-0.16802569,-0.069999084,0.93208617,0.5448571,0.9305623,-0.0056925397,0.28779587,0.83361053,0.89161384,-0.99244815,0.3959223,0.16924526,0.31192914,-0.28474498,-0.46792793,0.85639334,0.015594854,0.44336432,0.15016745,0.06596703,-0.913533,-0.96166676,-0.23812328,0.94630396,-0.5883237,0.9532122,0.61395293,-0.7809353,-0.97989845,-0.20136619,-0.081857204,-0.0052627586,-0.5457856,0.14971381,-0.8469723,-0.57977,0.63909066
cnn_tile_105,-0.07844417,-0.410669,-0.80900246,-0.26592213,-0.28434107,-0.33550847,-0.55607647,0.96906924,-0.54730505,-0.63809127,0.8524685,-0.43721846,-0.37857297,-0.82561076,-0.9618168,-0.86862254,0.9209603,-0.97524524,0.28004843,0.6131657,0.6918412,-0.945823,-0.57907695,-0.23747304,0.94226426,-0.7889447,0.8454163,0.8402891,0.04865476,0.9969217,0.3662027,-0.9292352,0.2692934,-0.6854559,0.2985669,0.78310966,0.8244588,-0.8279746,-0.79028857,0.85224766,-0.2711714,0.89163023,-0.58231604,-0.7255637,-0.19813327,-0.5492096,0.23994353,-0.10597163,0.98961323,0.9578548,-0.8809899,-0.57252455,-0.73026174,0.7115362,0.9799149,-0.8065347,-0.7551714,0.5227343,-0.33391774,-0.11777434,-0.07354366,0.93857056,0.5513357,0.9078694,0.13820803,0.28414088,0.7647353,0.868121,-0.9895735,0.44175732,-0.042370044,0.25633627,-0.19048874,-0.5930787,0.8005816,0.15311098,0.46022362,-0.016338652,0.03811572,-0.92698306,-0.97148514,-0.031559773,0.96039855,-0.54556155,0.9472076,0.53938854,-0.709621,-0.960552,-0.2315258,-0.15585275,0.0628827,-0.55351746,0.12757811,-0.8060741,-0.6335361,0.56051534
cnn_tile_106,-0.03391641,-0.37950972,-0.80874544,-0.3631305,-0.2853102,-0.3035175,-0.47262174,0.9755771,-0.6413128,-0.6171595,0.8265972,-0.47885185,-0.42552832,-0.8565386,-0.9581203,-0.8819,0.9129274,-0.976273,0.35652202,0.6904318,0.7130193,-0.952128,-0.46994093,-0.5270459,0.9297971,-0.86912066,0.8656352,0.8814246,-0.05025075,0.9957987,0.42701036,-0.92200387,0.11329249,-0.69482225,0.31445011,0.8180387,0.77467847,-0.8399015,-0.8037443,0.85833514,-0.060340073,0.9247069,-0.54674196,-0.663555,-0.14192112,-0.6829663,0.2856492,-0.16650867,0.98747194,0.94696575,-0.904049,-0.5647496,-0.7111593,0.5774803,0.98083895,-0.7654658,-0.7087379,0.6216094,-0.38783184,-0.07554039,-0.103974804,0.9430664,0.57744634,0.8995439,0.14496054,0.38676426,0.7454566,0.9006696,-0.99361396,0.35678074,-0.017093642,0.29457587,-0.19823283,-0.6370193,0.8189942,0.15266211,0.4529192,-0.040099133,0.16871084,-0.9442111,-0.96825486,-0.1181725,0.95542645,-0.5736763,0.94501,0.64654374,-0.68065554,-0.9778156,-0.27250856,-0.03322086,-0.090936854,-0.65151095,0.24442114,-0.874074,-0.51830554,0.67881274
cnn_tile_107,0.08725752,-0.24760719,-0.8384503,-0.4050779,-0.11183745,-0.3634121,-0.41260633,0.9699128,-0.61076134,-0.6314383,0.8339767,-0.32337147,-0.4160342,-0.80930454,-0.97456294,-0.8891197,0.9294394,-0.97603506,0.34659153,0.6938463,0.77293915,-0.9454139,-0.5330102,-0.33014053,0.9137019,-0.8763175,0.840579,0.86527437,0.115641505,0.9946772,0.25887415,-0.9282774,0.091118276,-0.69717276,0.46623707,0.797035,0.7972364,-0.8472814,-0.8244214,0.82339704,-0.040300433,0.90808845,-0.45804837,-0.6537596,-0.286517,-0.66379744,0.122353695,-0.11512159,0.98223627,0.94167817,-0.89347976,-0.4646118,-0.65262365,0.58967805,0.97299296,-0.84468156,-0.7113958,0.49963862,-0.42848587,-0.25553352,-0.18876795,0.94799656,0.5697106,0.9186095,0.18062818,0.27381,0.8140801,0.878264,-0.99503684,0.4236079,0.12890097,0.30039802,-0.28963163,-0.653379,0.8214551,-0.046191018,0.44318363,0.14392251,-0.075839646,-0.9114447,-0.97665787,0.10159374,0.9574219,-0.5469797,0.9326418,0.5018111,-0.7574198,-0.97678673,-0.37626415,-0.06439453,-0.017716208,-0.58120304,0.183454,-0.8412432,-0.60474205,0.56212765
cnn_tile_108,-0.032801688,-0.47239614,-0.8017638,-0.36260954,-0.16694063,-0.27002475,-0.4250848,0.97729295,-0.6040482,-0.6238561,0.834732,-0.32578716,-0.39571425,-0.8439933,-0.96855265,-0.892441,0.91244674,-0.97593963,0.40105417,0.6120197,0.7048787,-0.9497767,-0.5780205,-0.44470048,0.9253923,-0.8479577,0.8452991,0.8419442,0.060864147,0.9950036,0.3185947,-0.9342056,0.1138835,-0.7107691,0.29902205,0.79399735,0.7722883,-0.80998343,-0.7982353,0.83619535,-0.109688655,0.90599173,-0.52382326,-0.6696691,-0.2852499,-0.6106441,0.18780598,-0.10992033,0.98804736,0.95454454,-0.89650965,-0.49514008,-0.76824677,0.56920964,0.97671324,-0.7724569,-0.76798403,0.5017871,-0.46251994,-0.13834274,-0.038161483,0.93947893,0.5876025,0.907874,0.16524452,0.43133935,0.7723384,0.8892231,-0.9940434,0.34799027,-0.106999144,0.31975928,-0.21560317,-0.5384208,0.8145286,-0.011252636,0.42991808,-0.07653688,0.09397971,-0.93257874,-0.96867514,-0.21329747,0.95888793,-0.6589037,0.9444599,0.66337454,-0.7185057,-0.9702877,-0.34377483,-0.031078236,0.022129707,-0.52062774,0.19488278,-0.8747026,-0.5617724,0.566314
cnn_tile_109,0.07153593,-0.399997,-0.8331738,-0.30576232,-0.20534056,-0.31814522,-0.51442313,0.9695076,-0.5944633,-0.5877155,0.86324465,-0.3709457,-0.3622853,-0.84727764,-0.96924484,-0.9110687,0.9222343,-0.9716061,0.376878,0.63218343,0.770404,-0.95531726,-0.51956165,-0.28443667,0.9237668,-0.8672302,0.85155004,0.84198785,-0.0749348,0.99425995,0.25334665,-0.90931356,0.1891269,-0.77639616,0.3603142,0.7686836,0.7890378,-0.8653739,-0.83187413,0.8256564,-0.1793734,0.90909046,-0.40417427,-0.6620897,-0.30961725,-0.50759286,0.22631896,-0.08589536,0.98698527,0.94845694,-0.8920211,-0.524184,-0.7175145,0.5777902,0.9788769,-0.8032143,-0.72841525,0.5800587,-0.3998991,-0.13006832,-0.14875112,0.9399494,0.58381575,0.91591734,0.07741398,0.34189367,0.7795439,0.8636763,-0.9946095,0.36938474,-0.11998232,0.19938606,-0.102486886,-0.5772841,0.8118876,0.14112312,0.48971185,0.058726773,-0.07992532,-0.9187583,-0.9711904,-0.024019806,0.97293144,-0.5300114,0.9427401,0.66389966,-0.751009,-0.9770668,-0.29996115,-0.100545794,-0.008285988,-0.5466441,0.013823612,-0.86458075,-0.5973133,0.53408355
cnn_tile_110,-0.11552648,-0.45225736,-0.86570215,-0.2168626,-0.22272839,-0.3531183,-0.43979418,0.97276616,-0.66213995,-0.6841436,0.8725611,-0.37159815,-0.42056248,-0.7931508,-0.9669539,-0.8932825,0.94114804,-0.9794054,0.31720152,0.58993715,0.66541374,-0.93938315,-0.642743,-0.36267522,0.9162374,-0.87760895,0.8529607,0.8770224,0.20966066,0.99607706,0.46427035,-0.9050505,0.16209352,-0.7286341,0.26696017,0.78844756,0.7876754,-0.8430964,-0.7924106,0.87028277,-0.04180839,0.9126673,-0.41463622,-0.6959427,-0.24164593,-0.5570543,0.2784921,0.07911198,0.98664695,0.9547506,-0.90499175,-0.4373812,-0.7255743,0.6222445,0.9806281,-0.7972018,-0.7846743,0.6125865,-0.4203464,-0.04563184,-0.22383983,0.94088227,0.60338426,0.914412,0.13861644,0.24964897,0.7723221,0.9163053,-0.99362886,0.4764112,0.11371456,0.18820883,-0.1860301,-0.52269894,0.80769056,0.052633196,0.5332264,0.0010726895,-0.09507542,-0.9334707,-0.9808675,-0.053067226,0.9519229,-0.5618777,0.9465934,0.5885862,-0.75632846,-0.9718444,-0.37121597,-0.061134197,0.10094417,-0.5759467,0.023884552,-0.8421558,-0.60386693,0.61211
cnn_tile_111,-0.018345034,-0.42041433,-0.83053964,-0.34266168,-0.22726822,-0.40814933,-0.39169332,0.9748823,-0.6692365,-0.6447703,0.85845864,-0.26948294,-0.40615073,-0.8143037,-0.96858513,-0.8778737,0.9194149,-0.97687304,0.37164107,0.65307593,0.6565589,-0.95301986,-0.57687443,-0.4035303,0.9263732,-0.86073166,0.82298243,0.84099627,0.06744361,0.99622655,0.31135854,-0.931544,0.21866623,-0.7549781,0.36370018,0.7605719,0.77022976,-0.84526324,-0.7893693,0.8315408,-0.09927469,0.88966787,-0.44943562,-0.74808145,-0.12580755,-0.5599313,0.20694974,-0.07914655,0.9862031,0.94944924,-0.88387924,-0.5192099,-0.69322616,0.5020576,0.97809,-0.79117304,-0.7492276,0.51652426,-0.4026213,-0.02290968,-0.06897531,0.9490589,0.5925968,0.92960113,0.20871955,0.20287274,0.82162255,0.89498854,-0.9944675,0.4446984,0.08406899,0.39555877,-0.2530884,-0.58817184,0.8144832,0.12463568,0.44846332,0.07572431,0.10138859,-0.91876096,-0.97119004,-0.110376395,0.95109034,-0.59393185,0.9455929,0.5671,-0.75018024,-0.9791549,-0.25493637,-0.09307102,-0.00014805794,-0.59162253,0.092679024,-0.81441045,-0.58238006,0.58493954
cnn_tile_112,0.022100689,-0.3741669,-0.8055242,-0.1945601,-0.20353879,-0.31477728,-0.35185322,0.97500473,-0.57295936,-0.62700504,0.8533768,-0.39969137,-0.45559096,-0.843954,-0.961087,-0.91901934,0.9124018,-0.97710854,0.2582473,0.5453392,0.74710006,-0.9555967,-0.5486727,-0.42764202,0.9275797,-0.8517439,0.8771892,0.8558858,0.07790656,0.9962552,0.29980832,-0.91205215,0.23324318,-0.73184794,0.17350426,0.8207864,0.8067862,-0.86988276,-0.80804604,0.88586444,-0.04345437,0.9064622,-0.4813476,-0.72217077,-0.27347293,-0.46665883,0.1867675,-0.0011108215,0.9906209,0.95287853,-0.8885297,-0.54177636,-0.70182043,0.56809884,0.9846659,-0.8110843,-0.74642694,0.60699683,-0.4295282,-0.260656,-0.1679092,0.94507253,0.5072392,0.9152003,0.10262457,0.38853002,0.8151171,0.9020999,-0.99337506,0.4057949,0.028915573,0.095196806,-0.29179227,-0.5645062,0.8417257,0.043779124,0.4471708,0.09471001,-0.05422288,-0.9347307,-0.9753188,-0.15773834,0.9575962,-0.6159806,0.9400043,0.58955646,-0.76237416,-0.98096067,-0.29517457,-0.11483647,0.046099998,-0.57220656,0.09992379,-0.87850654,-0.56408584,0.6228471
cnn_tile_113,0.034207463,-0.44323513,-0.8365689,-0.38365135,-0.24675566,-0.38650587,-0.40440762,0.97724205,-0.6006527,-0.56712174,0.853595,-0.32283887,-0.451986,-0.8242654,-0.96061057,-0.8754125,0.9221494,-0.9773148,0.33458185,0.61931115,0.7052978,-0.9497352,-0.5122658,-0.39511877,0.90722865,-0.8429756,0.8535946,0.85387933,0.108987555,0.9963607,0.40433902,-0.9306093,0.13717996,-0.7453594,0.36735922,0.80551195,0.7756822,-0.8546398,-0.7955583,0.8691756,-0.16279419,0.8884769,-0.5114775,-0.69223255,-0.32319564,-0.59129083,0.14186548,-0.010616276,0.9887757,0.9540732,-0.90026414,-0.35141355,-0.7360425,0.58260417,0.98034424,-0.81436,-0.8007864,0.5087212,-0.38751972,-0.07027123,-0.24109928,0.95372474,0.51899165,0.9027681,0.15912127,0.30012137,0.77650994,0.8987319,-0.99233216,0.46563503,0.15146631,0.24435568,-0.08653659,-0.5829839,0.7942027,0.020984616,0.40745702,0.009457813,-0.12750474,-0.9191104,-0.9738633,-0.14733459,0.96109575,-0.5897304,0.94666344,0.5941077,-0.71220094,-0.97652227,-0.36945105,-0.10844983,0.054764938,-0.6329677,0.099185646,-0.8531159,-0.52522737,0.5956193
cnn_tile_114,0.13009587,-0.3843789,-0.7935192,-0.24282095,-0.2273158,-0.4508937,-0.37814665,0.97124803,-0.552857,-0.58326876,0.8708868,-0.52631015,-0.45971847,-0.8132135,-0.9565066,-0.89197636,0.92649806,-0.9759117,0.45545435,0.53810745,0.6983707,-0.9490263,-0.5749133,-0.5381961,0.9115664,-0.86353076,0.8965611,0.8761845,0.08512634,0.99634975,0.39083374,-0.8881417,0.11264391,-0.7486175,0.25234002,0.77958876,0.79855233,-0.88032895,-0.873358,0.89712256,-0.21005818,0.88218015,-0.51197904,-0.7109183,-0.30067727,-0.53851587,0.14627562,0.0038690523,0.98817295,0.95126253,-0.88821995,-0.5885555,-0.75498533,0.57157534,0.9847166,-0.8123132,-0.81148255,0.62480813,-0.38125527,-0.28765684,-0.18656352,0.94042605,0.44137436,0.89741147,0.020417131,0.3884407,0.81666297,0.91368574,-0.993267,0.4224444,0.014723577,0.077251725,-0.14540397,-0.5614635,0.8265917,0.096859656,0.37519518,0.08079165,-0.07180263,-0.9357118,-0.9681932,-0.060304932,0.9559529,-0.5693264,0.92458755,0.49049312,-0.67207205,-0.98220086,-0.32512027,-0.03780641,0.15577178,-0.51767623,0.16406794,-0.8153684,-0.48558182,0.6704039
cnn_tile_115,0.090429105,-0.37781462,-0.8040896,-0.322317,-0.2756466,-0.45414525,-0.4572021,0.9707732,-0.6019869,-0.57102513,0.86512846,-0.4078962,-0.50018394,-0.8204952,-0.96658325,-0.8651627,0.9187271,-0.98114747,0.34768954,0.64687645,0.67001754,-0.96315587,-0.6074393,-0.50428647,0.89959204,-0.8381693,0.88530004,0.87816596,0.0843838,0.99723965,0.4534871,-0.9198671,0.25603727,-0.6615453,0.39034426,0.80341524,0.82585233,-0.8707516,-0.8632151,0.8632059,-0.1991133,0.90278476,-0.53692675,-0.7591423,-0.19269498,-0.5498937,0.14915894,-0.0347738,0.9890236,0.9519684,-0.9133591,-0.5221983,-0.6021591,0.60468155,0.9782246,-0.78712046,-0.7839962,0.55118567,-0.31964013,-0.24374865,-0.14227787,0.9428363,0.54722047,0.9153062,0.09725794,0.24974954,0.7889357,0.8858497,-0.99248797,0.46236986,0.12242219,0.2976361,-0.21852621,-0.6034734,0.7901748,0.25058553,0.37488225,0.041095775,0.11139037,-0.90619993,-0.9650755,0.0074320333,0.96064854,-0.6357251,0.95397884,0.5964696,-0.6995375,-0.978327,-0.31035036,-0.17671587,0.0364609,-0.53528917,0.14183551,-0.8365717,-0.49608377,0.7043805
cnn_tile_116,0.06486,-0.41256973,-0.80507034,-0.35153428,-0.24025519,-0.41543445,-0.5362029,0.96716106,-0.642451,-0.63570505,0.86186147,-0.40544412,-0.4370186,-0.83038974,-0.96245813,-0.8873653,0.94819313,-0.9781869,0.35080734,0.634508,0.6945612,-0.9503976,-0.5605337,-0.41313413,0.9196321,-0.82751137,0.8660367,0.7973354,0.0057922998,0.9957144,0.33257687,-0.9318109,0.2988971,-0.7296845,0.3521698,0.80829805,0.79817915,-0.88087595,-0.8051921,0.8311262,-0.003840204,0.91175324,-0.38211474,-0.7184623,-0.24136981,-0.5675561,0.27604055,-0.007931684,0.9813297,0.95299125,-0.90483093,-0.54279864,-0.6642341,0.6692232,0.97374284,-0.77902377,-0.7656979,0.56909114,-0.375258,-0.20743185,-0.101071864,0.945827,0.5381474,0.9172155,0.12060569,0.29989058,0.758403,0.9058548,-0.99287605,0.3633482,0.10523492,0.33705312,-0.26512724,-0.645085,0.8050791,0.11742684,0.45740977,-0.09682022,0.054251187,-0.90067214,-0.96736246,-0.017950164,0.96464896,-0.6362805,0.9622121,0.69563043,-0.71058464,-0.9775301,-0.36393023,-0.11873464,0.053300135,-0.6031795,0.14644818,-0.83516645,-0.5388019,0.56743866
cnn_tile_117,-0.08078762,-0.21733451,-0.8500881,-0.19002044,-0.17707245,-0.45336398,-0.55315167,0.9690185,-0.63170993,-0.5717012,0.84963304,-0.3701257,-0.38874167,-0.77096486,-0.9617959,-0.90185666,0.9227413,-0.9759115,0.3524502,0.6950708,0.7118802,-0.95420074,-0.5549115,-0.32136264,0.8980336,-0.8303537,0.86905897,0.8245008,0.004401134,0.9969775,0.4888,-0.90634,0.18165383,-0.7218577,0.3957024,0.78725606,0.77622,-0.8408131,-0.82770485,0.85719806,-0.03924259,0.91516477,-0.50865805,-0.71297306,-0.23869121,-0.5742766,0.15712231,-0.09674095,0.9839913,0.94966906,-0.8863792,-0.46289238,-0.6836088,0.54384816,0.97320855,-0.7924952,-0.71751124,0.6003271,-0.38844317,-0.22392556,-0.26069033,0.9517698,0.54637265,0.9182654,0.18594006,0.28099644,0.7466599,0.9064201,-0.99128044,0.35633072,0.20713164,0.28888798,-0.11405243,-0.6387856,0.83397114,0.031232897,0.4812746,0.078848615,0.04467579,-0.91554755,-0.9769943,0.0144382585,0.9515097,-0.5296267,0.93837714,0.5876066,-0.7072764,-0.9784324,-0.3496221,-0.0780467,0.092034586,-0.587654,0.29353958,-0.8387681,-0.5445787,0.63782316
cnn_tile_118,0.15431519,-0.48019242,-0.8499549,-0.32894066,-0.37281308,-0.32751533,-0.42027462,0.9731798,-0.65666103,-0.61559427,0.8570429,-0.47520134,-0.43243918,-0.85559636,-0.96351844,-0.90349877,0.91983134,-0.9778822,0.2078806,0.64740306,0.73722166,-0.9441861,-0.56646,-0.37172106,0.92081827,-0.87527853,0.8485239,0.8915383,0.11196984,0.994673,0.36928728,-0.91896975,0.21245965,-0.73260987,0.43390062,0.7623986,0.809701,-0.87433,-0.78855735,0.81695354,0.025890084,0.9200736,-0.4886194,-0.7022586,-0.18026003,-0.6241574,0.18909168,0.11561074,0.98765785,0.9612517,-0.90525585,-0.5019415,-0.66186047,0.6106316,0.9844493,-0.776872,-0.7234931,0.6042045,-0.31757912,-0.08761444,-0.14921878,0.94444543,0.594161,0.91002625,0.0036652223,0.36595565,0.75365853,0.8828581,-0.9949957,0.49053195,-0.057315297,0.18809788,-0.12223198,-0.62555677,0.80793613,0.076564126,0.48750475,0.15234411,0.05780576,-0.91244787,-0.97136426,-0.18256278,0.9610754,-0.58868223,0.9516292,0.64666677,-0.75662094,-0.9771945,-0.25069252,-0.13020703,-0.056497727,-0.60350585,0.16829342,-0.83597314,-0.63791996,0.62231964
cnn_tile_119,0.020132307,-0.41865125,-0.8295403,-0.35515794,-0.23004685,-0.41053733,-0.4740932,0.97308445,-0.60742396,-0.6033786,0.8730182,-0.35570866,-0.46071744,-0.8738733,-0.9600549,-0.9288324,0.9354696,-0.9813959,0.30981162,0.6276556,0.65226907,-0.96591586,-0.55198175,-0.40314072,0.92803895,-0.8542706,0.8744077,0.8438423,0.01967116,0.9968731,0.44978473,-0.9201172,0.17329611,-0.7796426,0.48996428,0.7454309,0.8085733,-0.865173,-0.8077932,0.83308405,-0.14942782,0.89980245,-0.49266788,-0.6723967,-0.19341119,-0.66024715,0.21271609,0.020350136,0.9862602,0.9512345,-0.9027705,-0.385402,-0.6877098,0.6057581,0.98297286,-0.76793414,-0.66600806,0.5702144,-0.49339834,-0.09628168,-0.12805776,0.9210365,0.5200889,0.9010818,0.07191908,0.35719007,0.7428532,0.8943979,-0.99184763,0.46188813,0.06335853,0.20025846,-0.10450944,-0.71496075,0.81869453,0.050743546,0.4925872,0.028759936,-0.03180863,-0.9249853,-0.97090614,0.0059793773,0.9526696,-0.5643935,0.9584196,0.61394894,-0.7204851,-0.9711721,-0.25627863,-0.025963742,0.09607085,-0.58098364,-0.002668151,-0.87448686,-0.61282563,0.5648372